{"type": "FeatureCollection","name": "Wi-Sky","crs": {"type": "name","properties": {"name": "urn:ogc:def:crs:OGC:1.3:CRS84"}},"features": [{"type": "Feature","properties": {"Name": null,"description": null,"timestamp": null,"begin": null,"end": null,"altitudeMode": null,"tessellate": 1,"extrude": 0,"visibility": -1,"drawOrder": null,"icon": null},"geometry": {"type": "Polygon","coordinates": [[[139.70773142,-21.85564662,0.0],[139.70197185,-21.86139215,0.0],[139.69599927,-21.86694743,0.0],[139.68982097,-21.87230565,0.0],[139.68344447,-21.87746026,0.0],[139.67687756,-21.88240496,0.0],[139.67012823,-21.88713371,0.0],[139.66320472,-21.89164072,0.0],[139.65611549,-21.89592048,0.0],[139.6488692,-21.89996776,0.0],[139.64147469,-21.90377759,0.0],[139.633941,-21.90734534,0.0],[139.62627734,-21.91066661,0.0],[139.61849306,-21.91373737,0.0],[139.61059771,-21.91655384,0.0],[139.60260091,-21.91911257,0.0],[139.59451247,-21.92141045,0.0],[139.58634227,-21.92344465,0.0],[139.57810031,-21.92521269,0.0],[139.56979668,-21.9267124,0.0],[139.56144153,-21.92794195,0.0],[139.55304509,-21.92889983,0.0],[139.54461764,-21.92958487,0.0],[139.5361695,-21.92999623,0.0],[139.527711,-21.9301334,0.0],[139.5192525,-21.92999623,0.0],[139.51080436,-21.92958487,0.0],[139.50237691,-21.92889983,0.0],[139.49398047,-21.92794195,0.0],[139.48562532,-21.9267124,0.0],[139.47732169,-21.92521269,0.0],[139.46907973,-21.92344465,0.0],[139.46090953,-21.92141045,0.0],[139.45282109,-21.91911257,0.0],[139.44482429,-21.91655384,0.0],[139.43692894,-21.91373737,0.0],[139.42914466,-21.91066661,0.0],[139.421481,-21.90734534,0.0],[139.41394731,-21.90377759,0.0],[139.4065528,-21.89996776,0.0],[139.39930651,-21.89592048,0.0],[139.39221728,-21.89164072,0.0],[139.38529377,-21.88713371,0.0],[139.37854444,-21.88240496,0.0],[139.37197753,-21.87746026,0.0],[139.36560103,-21.87230565,0.0],[139.35942273,-21.86694743,0.0],[139.35345015,-21.86139215,0.0],[139.34769058,-21.85564662,0.0],[139.34215103,-21.84971783,0.0],[139.33683824,-21.84361306,0.0],[139.33175866,-21.83733974,0.0],[139.32691849,-21.83090555,0.0],[139.32232359,-21.82431835,0.0],[139.31797954,-21.81758619,0.0],[139.31389161,-21.81071728,0.0],[139.31006477,-21.80372001,0.0],[139.30650363,-21.79660293,0.0],[139.30321252,-21.78937473,0.0],[139.3001954,-21.78204422,0.0],[139.29745591,-21.77462035,0.0],[139.29499735,-21.76711219,0.0],[139.29282269,-21.75952889,0.0],[139.29093452,-21.7518797,0.0],[139.2893351,-21.74417395,0.0],[139.28802634,-21.73642104,0.0],[139.28700978,-21.72863042,0.0],[139.28628662,-21.72081158,0.0],[139.28585769,-21.71297406,0.0],[139.28572346,-21.70512741,0.0],[139.28588406,-21.69728119,0.0],[139.28633923,-21.68944495,0.0],[139.28708837,-21.68162824,0.0],[139.28813052,-21.67384058,0.0],[139.28946438,-21.66609146,0.0],[139.29108826,-21.6583903,0.0],[139.29300014,-21.65074648,0.0],[139.29519765,-21.64316931,0.0],[139.29767808,-21.635668,0.0],[139.30043836,-21.62825168,0.0],[139.30347508,-21.62092937,0.0],[139.30678453,-21.61370998,0.0],[139.31036262,-21.60660229,0.0],[139.31420497,-21.59961494,0.0],[139.31830688,-21.59275643,0.0],[139.32266331,-21.58603508,0.0],[139.32726894,-21.57945908,0.0],[139.33211814,-21.57303641,0.0],[139.33632047,-21.56786365,0.0],[139.34067553,-21.56114324,0.0],[139.34528036,-21.55456723,0.0],[139.35012872,-21.54814455,0.0],[139.35521468,-21.54188301,0.0],[139.36053204,-21.53579021,0.0],[139.3660743,-21.52987356,0.0],[139.37183472,-21.52414024,0.0],[139.37780626,-21.51859721,0.0],[139.38398165,-21.51325121,0.0],[139.39035338,-21.50810873,0.0],[139.39691368,-21.50317601,0.0],[139.40365458,-21.49845903,0.0],[139.41056787,-21.49396353,0.0],[139.41764515,-21.48969496,0.0],[139.42487782,-21.4856585,0.0],[139.43225708,-21.48185905,0.0],[139.43977397,-21.47830122,0.0],[139.44741937,-21.47498932,0.0],[139.45518398,-21.47192738,0.0],[139.46073262,-21.46994856,0.0],[139.46123048,-21.4662224,0.0],[139.46256229,-21.45847325,0.0],[139.46418371,-21.45077207,0.0],[139.46609273,-21.44312822,0.0],[139.46828697,-21.43555102,0.0],[139.47076373,-21.42804967,0.0],[139.47351994,-21.42063331,0.0],[139.47655221,-21.41331096,0.0],[139.47985681,-21.40609153,0.0],[139.48342968,-21.39898378,0.0],[139.48726645,-21.39199638,0.0],[139.4913624,-21.38513781,0.0],[139.49571252,-21.37841641,0.0],[139.50031149,-21.37184035,0.0],[139.50515369,-21.36541762,0.0],[139.51023321,-21.35915602,0.0],[139.51554384,-21.35306317,0.0],[139.52107909,-21.34714646,0.0],[139.52683223,-21.34141308,0.0],[139.53279624,-21.33587,0.0],[139.53896386,-21.33052394,0.0],[139.54532757,-21.3253814,0.0],[139.55187962,-21.32044862,0.0],[139.55861205,-21.31573159,0.0],[139.56551667,-21.31123604,0.0],[139.57258507,-21.30696742,0.0],[139.57980867,-21.30293091,0.0],[139.58717869,-21.29913141,0.0],[139.59468618,-21.29557353,0.0],[139.60232201,-21.29226159,0.0],[139.61007691,-21.28919961,0.0],[139.61794148,-21.2863913,0.0],[139.62590615,-21.28384007,0.0],[139.62966933,-21.28276974,0.0],[139.6332959,-21.27669253,0.0],[139.63764275,-21.2699711,0.0],[139.64223828,-21.26339501,0.0],[139.64707686,-21.25697225,0.0],[139.65215258,-21.25071062,0.0],[139.65745924,-21.24461773,0.0],[139.66299038,-21.23870099,0.0],[139.66873924,-21.23296758,0.0],[139.67469881,-21.22742446,0.0],[139.68086185,-21.22207837,0.0],[139.68722084,-21.2169358,0.0],[139.69376804,-21.21200299,0.0],[139.70049549,-21.20728593,0.0],[139.707395,-21.20279034,0.0],[139.71445818,-21.19852169,0.0],[139.72167644,-21.19448515,0.0],[139.72904103,-21.19068562,0.0],[139.73654297,-21.18712772,0.0],[139.74417318,-21.18381575,0.0],[139.75192237,-21.18075375,0.0],[139.75978114,-21.17794541,0.0],[139.76773995,-21.17539416,0.0],[139.77578915,-21.17310308,0.0],[139.78391895,-21.17107496,0.0],[139.79211951,-21.16931225,0.0],[139.80038086,-21.16781709,0.0],[139.808693,-21.1665913,0.0],[139.81704583,-21.16563636,0.0],[139.82542922,-21.16495344,0.0],[139.83383301,-21.16454335,0.0],[139.842247,-21.1644066,0.0],[139.85066099,-21.16454335,0.0],[139.85906478,-21.16495344,0.0],[139.86744817,-21.16563636,0.0],[139.875801,-21.1665913,0.0],[139.88411314,-21.16781709,0.0],[139.89237449,-21.16931225,0.0],[139.90057505,-21.17107496,0.0],[139.90870485,-21.17310308,0.0],[139.91410858,-21.17464117,0.0],[139.91998419,-21.16988797,0.0],[139.9265293,-21.16495515,0.0],[139.93325459,-21.16023807,0.0],[139.94015189,-21.15574247,0.0],[139.94721282,-21.1514738,0.0],[139.95073332,-21.14950446,0.0],[139.95126584,-21.14736769,0.0],[139.95345549,-21.13979044,0.0],[139.95592709,-21.13228904,0.0],[139.95867759,-21.12487263,0.0],[139.9617036,-21.11755022,0.0],[139.96500141,-21.11033071,0.0],[139.96856696,-21.1032229,0.0],[139.97239587,-21.09623542,0.0],[139.97648346,-21.08937678,0.0],[139.98082472,-21.08265529,0.0],[139.98541435,-21.07607915,0.0],[139.99024672,-21.06965633,0.0],[139.99531594,-21.06339465,0.0],[139.99849144,-21.05974397,0.0],[139.99273619,-21.0585021,0.0],[139.98461437,-21.05646803,0.0],[139.9765738,-21.05417031,0.0],[139.96862433,-21.05161173,0.0],[139.96077567,-21.04879545,0.0],[139.95303741,-21.04572489,0.0],[139.94541903,-21.04240381,0.0],[139.93792983,-21.03883629,0.0],[139.93057895,-21.03502668,0.0],[139.9233754,-21.03097964,0.0],[139.91632795,-21.02670013,0.0],[139.90944521,-21.02219337,0.0],[139.90273559,-21.01746488,0.0],[139.89620728,-21.01252044,0.0],[139.88986823,-21.00736609,0.0],[139.88372617,-21.00200814,0.0],[139.8777886,-20.99645313,0.0],[139.87206274,-20.99070786,0.0],[139.86655557,-20.98477934,0.0],[139.86127379,-20.97867483,0.0],[139.85622383,-20.97240177,0.0],[139.85141182,-20.96596783,0.0],[139.84684361,-20.95938088,0.0],[139.84252475,-20.95264895,0.0],[139.83846048,-20.94578027,0.0],[139.83465572,-20.93878322,0.0],[139.83111508,-20.93166634,0.0],[139.82784285,-20.92443833,0.0],[139.82484299,-20.917108,0.0],[139.8221191,-20.9096843,0.0],[139.81967448,-20.90217628,0.0],[139.81751206,-20.89459311,0.0],[139.81563444,-20.88694404,0.0],[139.81404386,-20.87923839,0.0],[139.81274223,-20.87148556,0.0],[139.81173107,-20.863695,0.0],[139.81101158,-20.85587621,0.0],[139.8105846,-20.84803872,0.0],[139.81045058,-20.84019208,0.0],[139.81060966,-20.83234584,0.0],[139.8110616,-20.82450958,0.0],[139.81180578,-20.81669282,0.0],[139.81284128,-20.8089051,0.0],[139.81416677,-20.80115589,0.0],[139.8157806,-20.79345463,0.0],[139.81768077,-20.7858107,0.0],[139.81986491,-20.77823339,0.0],[139.82233032,-20.77073193,0.0],[139.82507397,-20.76331545,0.0],[139.82809248,-20.75599296,0.0],[139.83138213,-20.74877338,0.0],[139.83493889,-20.74166548,0.0],[139.83875839,-20.73467791,0.0],[139.84283596,-20.72781917,0.0],[139.84716659,-20.72109759,0.0],[139.851745,-20.71452134,0.0],[139.85656559,-20.70809842,0.0],[139.86162247,-20.70183663,0.0],[139.86690947,-20.69574358,0.0],[139.87242013,-20.68982667,0.0],[139.87814774,-20.68409309,0.0],[139.88408531,-20.6785498,0.0],[139.89022561,-20.67320354,0.0],[139.89656117,-20.6680608,0.0],[139.90308427,-20.66312782,0.0],[139.90978698,-20.6584106,0.0],[139.91666114,-20.65391486,0.0],[139.92369838,-20.64964605,0.0],[139.93089017,-20.64560936,0.0],[139.93822775,-20.64180969,0.0],[139.94570221,-20.63825165,0.0],[139.95330447,-20.63493955,0.0],[139.9610253,-20.63187742,0.0],[139.96885532,-20.62906898,0.0],[139.97678503,-20.62651762,0.0],[139.9848048,-20.62422645,0.0],[139.9929049,-20.62219824,0.0],[140.0010755,-20.62043546,0.0],[140.00930668,-20.61894024,0.0],[140.01758847,-20.6177144,0.0],[140.0259108,-20.61675942,0.0],[140.0342636,-20.61607646,0.0],[140.04263671,-20.61566636,0.0],[140.05102,-20.6155296,0.0],[140.05940329,-20.61566636,0.0],[140.0677764,-20.61607646,0.0],[140.0761292,-20.61675942,0.0],[140.08445153,-20.6177144,0.0],[140.09273332,-20.61894024,0.0],[140.1009645,-20.62043546,0.0],[140.1091351,-20.62219824,0.0],[140.11145994,-20.62278036,0.0],[140.11257893,-20.62237899,0.0],[140.12050829,-20.61982763,0.0],[140.12852771,-20.61753645,0.0],[140.13662745,-20.61550824,0.0],[140.14479769,-20.61374546,0.0],[140.15302852,-20.61225024,0.0],[140.16130994,-20.6110244,0.0],[140.16963191,-20.61006942,0.0],[140.17798433,-20.60938646,0.0],[140.18635708,-20.60897636,0.0],[140.19474,-20.6088396,0.0],[140.20312292,-20.60897636,0.0],[140.21149567,-20.60938646,0.0],[140.21984809,-20.61006942,0.0],[140.22817006,-20.6110244,0.0],[140.23645148,-20.61225024,0.0],[140.24468231,-20.61374546,0.0],[140.25285255,-20.61550824,0.0],[140.26095229,-20.61753645,0.0],[140.26897171,-20.61982763,0.0],[140.27690107,-20.62237899,0.0],[140.2822326,-20.62429136,0.0],[140.28381053,-20.62045998,0.0],[140.28709717,-20.61324037,0.0],[140.29065068,-20.60613244,0.0],[140.29446671,-20.59914484,0.0],[140.29854057,-20.59228606,0.0],[140.30286728,-20.58556444,0.0],[140.30744155,-20.57898816,0.0],[140.31225778,-20.5725652,0.0],[140.3173101,-20.56630337,0.0],[140.32259234,-20.56021027,0.0],[140.32809804,-20.55429332,0.0],[140.33382051,-20.5485597,0.0],[140.33975276,-20.54301637,0.0],[140.34588756,-20.53767007,0.0],[140.35167869,-20.53296501,0.0],[140.35049803,-20.52881515,0.0],[140.34862471,-20.52116612,0.0],[140.34703773,-20.51346051,0.0],[140.345739,-20.50570772,0.0],[140.34473004,-20.49791719,0.0],[140.34401205,-20.49009842,0.0],[140.34358585,-20.48226093,0.0],[140.34345192,-20.4744143,0.0],[140.34361037,-20.46656806,0.0],[140.34406098,-20.45873178,0.0],[140.34480315,-20.450915,0.0],[140.34583592,-20.44312725,0.0],[140.34715799,-20.43537801,0.0],[140.34876773,-20.42767671,0.0],[140.35066311,-20.42003272,0.0],[140.35284179,-20.41245536,0.0],[140.35530108,-20.40495384,0.0],[140.35803795,-20.39753728,0.0],[140.36104902,-20.39021472,0.0],[140.3643306,-20.38299506,0.0],[140.36787865,-20.37588707,0.0],[140.37168883,-20.36889942,0.0],[140.37575647,-20.36204058,0.0],[140.38007658,-20.3553189,0.0],[140.38464389,-20.34874255,0.0],[140.38945281,-20.34231952,0.0],[140.39449746,-20.33605762,0.0],[140.3997717,-20.32996446,0.0],[140.40526908,-20.32404744,0.0],[140.4109829,-20.31831375,0.0],[140.4169062,-20.31277035,0.0],[140.42303176,-20.30742398,0.0],[140.42935212,-20.30228113,0.0],[140.43585959,-20.29734804,0.0],[140.44254625,-20.29263071,0.0],[140.44940396,-20.28813486,0.0],[140.45642439,-20.28386595,0.0],[140.463599,-20.27982916,0.0],[140.47091906,-20.2760294,0.0],[140.4783757,-20.27247126,0.0],[140.48595984,-20.26915908,0.0],[140.49366227,-20.26609687,0.0],[140.50147365,-20.26328835,0.0],[140.50938448,-20.26073693,0.0],[140.51738517,-20.25844569,0.0],[140.525466,-20.25641743,0.0],[140.53361718,-20.2546546,0.0],[140.54182879,-20.25315934,0.0],[140.5500909,-20.25193346,0.0],[140.55839346,-20.25097845,0.0],[140.5667264,-20.25029548,0.0],[140.57507963,-20.24988536,0.0],[140.583443,-20.2497486,0.0],[140.59180637,-20.24988536,0.0],[140.6001596,-20.25029548,0.0],[140.60849254,-20.25097845,0.0],[140.6167951,-20.25193346,0.0],[140.62505721,-20.25315934,0.0],[140.63326882,-20.2546546,0.0],[140.64142,-20.25641743,0.0],[140.64950083,-20.25844569,0.0],[140.65750152,-20.26073693,0.0],[140.66541235,-20.26328835,0.0],[140.67322373,-20.26609687,0.0],[140.68092616,-20.26915908,0.0],[140.6885103,-20.27247126,0.0],[140.69596694,-20.2760294,0.0],[140.703287,-20.27982916,0.0],[140.71046161,-20.28386595,0.0],[140.71748204,-20.28813486,0.0],[140.72433975,-20.29263071,0.0],[140.73102641,-20.29734804,0.0],[140.73753388,-20.30228113,0.0],[140.74385424,-20.30742398,0.0],[140.7499798,-20.31277035,0.0],[140.7559031,-20.31831375,0.0],[140.76161692,-20.32404744,0.0],[140.7671143,-20.32996446,0.0],[140.77238854,-20.33605762,0.0],[140.77743319,-20.34231952,0.0],[140.78224211,-20.34874255,0.0],[140.78680942,-20.3553189,0.0],[140.79112953,-20.36204058,0.0],[140.79519717,-20.36889942,0.0],[140.79900735,-20.37588707,0.0],[140.8025554,-20.38299506,0.0],[140.80583698,-20.39021472,0.0],[140.80884805,-20.39753728,0.0],[140.81158492,-20.40495384,0.0],[140.81404421,-20.41245536,0.0],[140.81622289,-20.42003272,0.0],[140.81811827,-20.42767671,0.0],[140.81972801,-20.43537801,0.0],[140.82105008,-20.44312725,0.0],[140.82208285,-20.450915,0.0],[140.82282502,-20.45873178,0.0],[140.82327563,-20.46656806,0.0],[140.82343408,-20.4744143,0.0],[140.82330015,-20.48226093,0.0],[140.82287395,-20.49009842,0.0],[140.82215596,-20.49791719,0.0],[140.821147,-20.50570772,0.0],[140.81984827,-20.51346051,0.0],[140.81826129,-20.52116612,0.0],[140.81638797,-20.52881515,0.0],[140.81423054,-20.53639826,0.0],[140.8117916,-20.54390621,0.0],[140.80907407,-20.55132984,0.0],[140.80608124,-20.5586601,0.0],[140.80281671,-20.56588803,0.0],[140.79928443,-20.57300482,0.0],[140.79548868,-20.58000178,0.0],[140.79143405,-20.58687036,0.0],[140.78712546,-20.5936022,0.0],[140.78256813,-20.60018905,0.0],[140.77776761,-20.60662288,0.0],[140.77272972,-20.61289583,0.0],[140.76746058,-20.61900023,0.0],[140.76196662,-20.62492864,0.0],[140.7567612,-20.63016418,0.0],[140.75676623,-20.63017425,0.0],[140.76005325,-20.63739386,0.0],[140.76306933,-20.64471637,0.0],[140.76581076,-20.65213287,0.0],[140.76827418,-20.65963435,0.0],[140.77045654,-20.66721168,0.0],[140.77235514,-20.67485563,0.0],[140.77396763,-20.6825569,0.0],[140.77529201,-20.69030612,0.0],[140.77632662,-20.69809386,0.0],[140.77707014,-20.70591062,0.0],[140.77752164,-20.71374689,0.0],[140.77768052,-20.72159312,0.0],[140.77754653,-20.72943977,0.0],[140.77711981,-20.73727725,0.0],[140.77640081,-20.74509604,0.0],[140.77539037,-20.75288659,0.0],[140.77408968,-20.76063941,0.0],[140.77250028,-20.76834504,0.0],[140.77062406,-20.7759941,0.0],[140.76846327,-20.78357725,0.0],[140.76602051,-20.79108524,0.0],[140.7632987,-20.79850892,0.0],[140.76030113,-20.80583923,0.0],[140.75703142,-20.81306721,0.0],[140.75349351,-20.82018406,0.0],[140.74969169,-20.82718108,0.0],[140.74563057,-20.83404973,0.0],[140.74131507,-20.84078163,0.0],[140.73675041,-20.84736855,0.0],[140.73194215,-20.85380245,0.0],[140.72689613,-20.86007548,0.0],[140.72161848,-20.86617996,0.0],[140.71611563,-20.87210844,0.0],[140.71039426,-20.87785367,0.0],[140.70446135,-20.88340864,0.0],[140.69832412,-20.88876656,0.0],[140.69199006,-20.89392087,0.0],[140.68546689,-20.89886527,0.0],[140.67876256,-20.90359373,0.0],[140.67188525,-20.90810045,0.0],[140.66484337,-20.91237994,0.0],[140.6576455,-20.91642694,0.0],[140.65030045,-20.92023652,0.0],[140.64281717,-20.92380401,0.0],[140.63520482,-20.92712506,0.0],[140.62747269,-20.93019559,0.0],[140.61963025,-20.93301186,0.0],[140.61168708,-20.93557041,0.0],[140.60365289,-20.93786811,0.0],[140.59553752,-20.93990216,0.0],[140.58735088,-20.94167007,0.0],[140.57910299,-20.94316967,0.0],[140.57080395,-20.94439912,0.0],[140.5624639,-20.94535692,0.0],[140.56110561,-20.94546807,0.0],[140.56068018,-20.94632316,0.0],[140.55687523,-20.95332021,0.0],[140.55281076,-20.9601889,0.0],[140.54849169,-20.96692083,0.0],[140.54392325,-20.97350779,0.0],[140.539111,-20.97994173,0.0],[140.53406079,-20.98621479,0.0],[140.52877874,-20.9923193,0.0],[140.5232713,-20.99824782,0.0],[140.51754515,-21.0039931,0.0],[140.51160728,-21.00954811,0.0],[140.50546492,-21.01490606,0.0],[140.49912555,-21.02006041,0.0],[140.49259691,-21.02500485,0.0],[140.48588695,-21.02973335,0.0],[140.47900387,-21.03424011,0.0],[140.4787403,-21.03440015,0.0],[140.47660882,-21.04186814,0.0],[140.474162,-21.04937618,0.0],[140.47143565,-21.05679991,0.0],[140.46843305,-21.06413027,0.0],[140.46515784,-21.07135831,0.0],[140.46161396,-21.07847522,0.0],[140.45780571,-21.0854723,0.0],[140.4537377,-21.09234102,0.0],[140.44941486,-21.09907299,0.0],[140.44484243,-21.10565998,0.0],[140.44002597,-21.11209396,0.0],[140.43497133,-21.11836706,0.0],[140.42968464,-21.12447162,0.0],[140.42417235,-21.13040018,0.0],[140.41844116,-21.13614549,0.0],[140.41633285,-21.13811614,0.0],[140.41688451,-21.13979044,0.0],[140.41907416,-21.14736769,0.0],[140.42097915,-21.15501158,0.0],[140.42259712,-21.1627128,0.0],[140.42392606,-21.17046197,0.0],[140.4249643,-21.17824966,0.0],[140.42571053,-21.1860664,0.0],[140.4261638,-21.19390265,0.0],[140.4263235,-21.20174888,0.0],[140.4261894,-21.20959553,0.0],[140.42576162,-21.21743303,0.0],[140.42504062,-21.22525184,0.0],[140.42402724,-21.23304243,0.0],[140.42272267,-21.24079529,0.0],[140.42112846,-21.24850098,0.0],[140.41924649,-21.2561501,0.0],[140.41707903,-21.26373333,0.0],[140.41462867,-21.2712414,0.0],[140.41189836,-21.27866517,0.0],[140.40889139,-21.28599558,0.0],[140.40561138,-21.29322367,0.0],[140.40206231,-21.30034063,0.0],[140.39824845,-21.30733777,0.0],[140.39417444,-21.31420655,0.0],[140.38984521,-21.32093858,0.0],[140.385266,-21.32752563,0.0],[140.38044239,-21.33395967,0.0],[140.37538023,-21.34023284,0.0],[140.37008568,-21.34633746,0.0],[140.36456517,-21.35226609,0.0],[140.35882543,-21.35801147,0.0],[140.35287344,-21.36356659,0.0],[140.34671646,-21.36892466,0.0],[140.34036198,-21.37407911,0.0],[140.33381777,-21.37902366,0.0],[140.32709179,-21.38375226,0.0],[140.32019227,-21.38825913,0.0],[140.31312761,-21.39253874,0.0],[140.30975052,-21.39443145,0.0],[140.30926133,-21.39641793,0.0],[140.30709188,-21.40400118,0.0],[140.30463926,-21.41150928,0.0],[140.30190642,-21.41893307,0.0],[140.29889665,-21.42626351,0.0],[140.29561358,-21.43349163,0.0],[140.29206118,-21.44060863,0.0],[140.28824374,-21.4476058,0.0],[140.2841659,-21.45447461,0.0],[140.27983258,-21.46120668,0.0],[140.27524905,-21.46779378,0.0],[140.27042087,-21.47422786,0.0],[140.26535391,-21.48050107,0.0],[140.26005433,-21.48660573,0.0],[140.25452857,-21.4925344,0.0],[140.24878336,-21.49827983,0.0],[140.24282569,-21.50383499,0.0],[140.23666283,-21.5091931,0.0],[140.23030229,-21.5143476,0.0],[140.22375181,-21.51929219,0.0],[140.2170194,-21.52402083,0.0],[140.21011326,-21.52852774,0.0],[140.20304183,-21.53280739,0.0],[140.19581374,-21.53685457,0.0],[140.18843781,-21.54066431,0.0],[140.18092307,-21.54423196,0.0],[140.1732787,-21.54755315,0.0],[140.16551403,-21.55062382,0.0],[140.15763856,-21.55344021,0.0],[140.14966192,-21.55599888,0.0],[140.14159387,-21.5582967,0.0],[140.13344428,-21.56033084,0.0],[140.12522311,-21.56209883,0.0],[140.11694043,-21.5635985,0.0],[140.10860636,-21.56482801,0.0],[140.10023112,-21.56578586,0.0],[140.09182495,-21.56647088,0.0],[140.08339814,-21.56688223,0.0],[140.074961,-21.5670194,0.0],[140.06652386,-21.56688223,0.0],[140.05809705,-21.56647088,0.0],[140.04969088,-21.56578586,0.0],[140.04131564,-21.56482801,0.0],[140.03298157,-21.5635985,0.0],[140.02469889,-21.56209883,0.0],[140.01647772,-21.56033084,0.0],[140.00832813,-21.5582967,0.0],[140.00324916,-21.55685018,0.0],[139.99763864,-21.56139542,0.0],[139.99108605,-21.56634003,0.0],[139.98435147,-21.57106869,0.0],[139.9774431,-21.5755756,0.0],[139.97036938,-21.57985527,0.0],[139.96313895,-21.58390246,0.0],[139.95576065,-21.58771222,0.0],[139.9508627,-21.59003679,0.0],[139.95034639,-21.59562359,0.0],[139.94933068,-21.6034142,0.0],[139.94802304,-21.6111671,0.0],[139.94642501,-21.61887283,0.0],[139.9445385,-21.62652201,0.0],[139.94236576,-21.63410529,0.0],[139.93990939,-21.64161343,0.0],[139.93717236,-21.64903727,0.0],[139.93415794,-21.65636775,0.0],[139.9308698,-21.66359592,0.0],[139.92731188,-21.67071297,0.0],[139.92348851,-21.6777102,0.0],[139.9194043,-21.68457908,0.0],[139.91506421,-21.69131121,0.0],[139.9104735,-21.69789837,0.0],[139.90563775,-21.70433252,0.0],[139.90056282,-21.71060579,0.0],[139.8952549,-21.71671053,0.0],[139.88972043,-21.72263927,0.0],[139.88396616,-21.72838477,0.0],[139.87799908,-21.73394,0.0],[139.87182648,-21.73929818,0.0],[139.86545586,-21.74445275,0.0],[139.85889501,-21.74939741,0.0],[139.85215191,-21.75412612,0.0],[139.84523481,-21.75863309,0.0],[139.83815215,-21.76291282,0.0],[139.83091257,-21.76696005,0.0],[139.82352491,-21.77076986,0.0],[139.81599821,-21.77433756,0.0],[139.80834165,-21.77765881,0.0],[139.80056461,-21.78072953,0.0],[139.79267659,-21.78354597,0.0],[139.78468723,-21.78610469,0.0],[139.7766063,-21.78840254,0.0],[139.7684437,-21.79043672,0.0],[139.76020941,-21.79220474,0.0],[139.75510338,-21.79312779,0.0],[139.75103971,-21.79942651,0.0],[139.74644559,-21.80601371,0.0],[139.74160625,-21.81244789,0.0],[139.73742692,-21.81761027,0.0],[139.73309841,-21.82431835,0.0],[139.72850351,-21.83090555,0.0],[139.72366334,-21.83733974,0.0],[139.71858376,-21.84361306,0.0],[139.71327097,-21.84971783,0.0],[139.70773142,-21.85564662,0.0]]]}},{"type": "Feature","properties": {"Name": null,"description": null,"timestamp": null,"begin": null,"end": null,"altitudeMode": null,"tessellate": 1,"extrude": 0,"visibility": -1,"drawOrder": null,"icon": null},"geometry": {"type": "Polygon","coordinates": [[[141.0619963,-20.09603889,0.0],[141.05374304,-20.09726826,0.0],[141.04544902,-20.09822601,0.0],[141.03712438,-20.09891095,0.0],[141.0287793,-20.09932225,0.0],[141.020424,-20.0994594,0.0],[141.0120687,-20.09932225,0.0],[141.00372362,-20.09891095,0.0],[140.99539898,-20.09822601,0.0],[140.98710496,-20.09726826,0.0],[140.9788517,-20.09603889,0.0],[140.97064931,-20.09453939,0.0],[140.96250782,-20.0927716,0.0],[140.95443718,-20.09073768,0.0],[140.94644726,-20.08844012,0.0],[140.93854785,-20.08588173,0.0],[140.93074859,-20.08306564,0.0],[140.92305902,-20.07999529,0.0],[140.91548854,-20.07667444,0.0],[140.9080464,-20.07310716,0.0],[140.90074169,-20.0692978,0.0],[140.89358334,-20.06525102,0.0],[140.88658008,-20.06097178,0.0],[140.87974047,-20.0564653,0.0],[140.87307286,-20.05173709,0.0],[140.86658538,-20.04679294,0.0],[140.86028594,-20.04163888,0.0],[140.85418222,-20.03628123,0.0],[140.84828167,-20.03072652,0.0],[140.84259146,-20.02498154,0.0],[140.83711854,-20.01905332,0.0],[140.83186956,-20.01294909,0.0],[140.8268509,-20.00667632,0.0],[140.82206868,-20.00024266,0.0],[140.8175287,-19.99365597,0.0],[140.81323647,-19.9869243,0.0],[140.8091972,-19.98005587,0.0],[140.80541579,-19.97305906,0.0],[140.80189683,-19.96594241,0.0],[140.79864456,-19.95871461,0.0],[140.79566293,-19.95138447,0.0],[140.79295553,-19.94396096,0.0],[140.79052563,-19.93645311,0.0],[140.78837615,-19.92887008,0.0],[140.78650967,-19.92122114,0.0],[140.78492843,-19.9135156,0.0],[140.78363431,-19.90576286,0.0],[140.78262885,-19.89797237,0.0],[140.78191323,-19.89015363,0.0],[140.78148828,-19.88231617,0.0],[140.78135447,-19.87446954,0.0],[140.78151193,-19.86662329,0.0],[140.78196042,-19.85878699,0.0],[140.7826434,-19.85156209,0.0],[140.78261964,-19.85154263,0.0],[140.77652321,-19.84618503,0.0],[140.77062969,-19.84063037,0.0],[140.76494626,-19.83488545,0.0],[140.75947985,-19.82895729,0.0],[140.7542371,-19.82285312,0.0],[140.7492244,-19.8165804,0.0],[140.74444783,-19.81014679,0.0],[140.73991321,-19.80356016,0.0],[140.73562605,-19.79682854,0.0],[140.73159153,-19.78996016,0.0],[140.72781456,-19.78296339,0.0],[140.72429971,-19.77584679,0.0],[140.72105124,-19.76861903,0.0],[140.71807307,-19.76128894,0.0],[140.7153688,-19.75386545,0.0],[140.7129417,-19.74635763,0.0],[140.71079467,-19.73877464,0.0],[140.70893031,-19.73112572,0.0],[140.70735084,-19.7234202,0.0],[140.70605815,-19.71566748,0.0],[140.70505376,-19.70787701,0.0],[140.70433888,-19.70005828,0.0],[140.70391431,-19.69222082,0.0],[140.70378054,-19.68437419,0.0],[140.70393769,-19.67652794,0.0],[140.70438553,-19.66869164,0.0],[140.70512346,-19.66087482,0.0],[140.70615054,-19.65308701,0.0],[140.70746549,-19.64533769,0.0],[140.70906665,-19.6376363,0.0],[140.71095204,-19.62999221,0.0],[140.71210786,-19.62595111,0.0],[140.70933727,-19.6219223,0.0],[140.70505488,-19.61519073,0.0],[140.70102486,-19.60832239,0.0],[140.69725208,-19.60132567,0.0],[140.69374112,-19.59420911,0.0],[140.69049623,-19.58698139,0.0],[140.68752133,-19.57965133,0.0],[140.68482002,-19.57222788,0.0],[140.68239556,-19.56472009,0.0],[140.68025085,-19.55713713,0.0],[140.67838849,-19.54948823,0.0],[140.67681069,-19.54178273,0.0],[140.67551934,-19.53403003,0.0],[140.67451598,-19.52623957,0.0],[140.67380178,-19.51842085,0.0],[140.67337758,-19.5105834,0.0],[140.67324385,-19.50273677,0.0],[140.67340071,-19.49489052,0.0],[140.67384792,-19.48705421,0.0],[140.6745849,-19.47923738,0.0],[140.67561071,-19.47144956,0.0],[140.67692406,-19.46370022,0.0],[140.67852331,-19.45599881,0.0],[140.68040648,-19.44835469,0.0],[140.68257122,-19.44077718,0.0],[140.68501487,-19.43327549,0.0],[140.68773441,-19.42585876,0.0],[140.6907265,-19.418536,0.0],[140.69398746,-19.41131612,0.0],[140.69751329,-19.40420791,0.0],[140.70129967,-19.39722001,0.0],[140.70534196,-19.39036092,0.0],[140.70963521,-19.38363898,0.0],[140.71417418,-19.37706236,0.0],[140.71895331,-19.37063905,0.0],[140.72396677,-19.36437687,0.0],[140.72787344,-19.35983536,0.0],[140.72938767,-19.35746414,0.0],[140.7339259,-19.35088752,0.0],[140.73870425,-19.3444642,0.0],[140.7437169,-19.33820201,0.0],[140.74895771,-19.33210855,0.0],[140.75442032,-19.32619123,0.0],[140.76009804,-19.32045724,0.0],[140.76598396,-19.31491354,0.0],[140.77207091,-19.30956686,0.0],[140.77835147,-19.30442371,0.0],[140.78481801,-19.29949033,0.0],[140.79146265,-19.29477271,0.0],[140.79827731,-19.29027657,0.0],[140.80525369,-19.28600739,0.0],[140.81238332,-19.28197033,0.0],[140.81965754,-19.27817031,0.0],[140.82706749,-19.27461193,0.0],[140.83460418,-19.27129952,0.0],[140.84225846,-19.26823709,0.0],[140.85002102,-19.26542837,0.0],[140.85788243,-19.26287676,0.0],[140.86583317,-19.26058535,0.0],[140.87386356,-19.25855694,0.0],[140.88196387,-19.25679397,0.0],[140.89012426,-19.2552986,0.0],[140.89833483,-19.25407263,0.0],[140.90658562,-19.25311755,0.0],[140.91486662,-19.25243452,0.0],[140.92316777,-19.25202437,0.0],[140.931479,-19.2518876,0.0],[140.93979023,-19.25202437,0.0],[140.94809138,-19.25243452,0.0],[140.95637238,-19.25311755,0.0],[140.96462317,-19.25407263,0.0],[140.97283374,-19.2552986,0.0],[140.98099413,-19.25679397,0.0],[140.98909444,-19.25855694,0.0],[140.99712483,-19.26058535,0.0],[141.00507557,-19.26287676,0.0],[141.01293698,-19.26542837,0.0],[141.02069954,-19.26823709,0.0],[141.02835382,-19.27129952,0.0],[141.0287476,-19.27147259,0.0],[141.02527431,-19.26441849,0.0],[141.02203583,-19.25719084,0.0],[141.01906678,-19.24986085,0.0],[141.01637075,-19.24243746,0.0],[141.013951,-19.23492973,0.0],[141.01181044,-19.22734681,0.0],[141.00995164,-19.21969796,0.0],[141.00837683,-19.2119925,0.0],[141.00708789,-19.20423983,0.0],[141.00608635,-19.19644939,0.0],[141.00537339,-19.18863069,0.0],[141.00494983,-19.18079325,0.0],[141.00481616,-19.17294662,0.0],[141.00497249,-19.16510036,0.0],[141.00541859,-19.15726404,0.0],[141.00615388,-19.1494472,0.0],[141.00717741,-19.14165935,0.0],[141.00848792,-19.13390999,0.0],[141.01008374,-19.12620854,0.0],[141.01196292,-19.11856438,0.0],[141.013312,-19.11383205,0.0],[141.01029199,-19.11151729,0.0],[141.00402875,-19.10636352,0.0],[140.99796007,-19.10100614,0.0],[140.99209335,-19.09545171,0.0],[140.98643574,-19.08970702,0.0],[140.98099411,-19.08377908,0.0],[140.97577511,-19.07767512,0.0],[140.97078506,-19.07140262,0.0],[140.96603006,-19.06496923,0.0],[140.96151586,-19.0583828,0.0],[140.95724796,-19.05165138,0.0],[140.95323154,-19.04478319,0.0],[140.94947147,-19.0377866,0.0],[140.9459723,-19.03067017,0.0],[140.94273826,-19.02344257,0.0],[140.93977328,-19.01611263,0.0],[140.93708094,-19.00868928,0.0],[140.93466447,-19.00118159,0.0],[140.9325268,-18.99359871,0.0],[140.93067049,-18.98594989,0.0],[140.92909776,-18.97824445,0.0],[140.92781049,-18.9704918,0.0],[140.92681021,-18.96270138,0.0],[140.92609811,-18.95488269,0.0],[140.925675,-18.94704526,0.0],[140.92554137,-18.93919863,0.0],[140.92569733,-18.93135238,0.0],[140.92614265,-18.92351605,0.0],[140.92687676,-18.91569919,0.0],[140.92789871,-18.90791133,0.0],[140.92920722,-18.90016194,0.0],[140.92964489,-18.89804659,0.0],[140.92566105,-18.89303363,0.0],[140.92091105,-18.88660028,0.0],[140.91640161,-18.88001391,0.0],[140.91213819,-18.87328253,0.0],[140.90812597,-18.86641439,0.0],[140.90436982,-18.85941784,0.0],[140.9008743,-18.85230145,0.0],[140.89764362,-18.84507389,0.0],[140.89468171,-18.83774398,0.0],[140.89199213,-18.83032067,0.0],[140.88957814,-18.82281301,0.0],[140.88744264,-18.81523015,0.0],[140.8855882,-18.80758136,0.0],[140.88401703,-18.79987594,0.0],[140.88273102,-18.79212331,0.0],[140.8817317,-18.7843329,0.0],[140.88102024,-18.77651422,0.0],[140.88059747,-18.76867679,0.0],[140.88046387,-18.76083017,0.0],[140.88061955,-18.75298391,0.0],[140.88101587,-18.74600074,0.0],[140.87747697,-18.74429069,0.0],[140.8702315,-18.74048167,0.0],[140.86313116,-18.73643525,0.0],[140.85618462,-18.73215637,0.0],[140.84940035,-18.72765027,0.0],[140.84278663,-18.72292245,0.0],[140.83635154,-18.71797869,0.0],[140.83010292,-18.71282503,0.0],[140.82404839,-18.70746778,0.0],[140.81819533,-18.70191347,0.0],[140.81255086,-18.69616889,0.0],[140.80712187,-18.69024106,0.0],[140.80191496,-18.68413723,0.0],[140.79693647,-18.67786484,0.0],[140.79219244,-18.67143155,0.0],[140.78768865,-18.66484523,0.0],[140.78343057,-18.65811392,0.0],[140.77942337,-18.65124583,0.0],[140.7756719,-18.64424934,0.0],[140.77218071,-18.63713299,0.0],[140.76895404,-18.62990548,0.0],[140.76599577,-18.62257562,0.0],[140.7633095,-18.61515234,0.0],[140.76089845,-18.60764472,0.0],[140.75876554,-18.60006189,0.0],[140.75691332,-18.59241312,0.0],[140.75534402,-18.58470773,0.0],[140.75405951,-18.57695512,0.0],[140.75306132,-18.56916472,0.0],[140.75235063,-18.56134605,0.0],[140.7521978,-18.55851009,0.0],[140.75128119,-18.55834096,0.0],[140.74321584,-18.55657338,0.0],[140.73522067,-18.55453969,0.0],[140.72730543,-18.55224239,0.0],[140.71947982,-18.54968428,0.0],[140.71175339,-18.5468685,0.0],[140.7041356,-18.54379849,0.0],[140.69663573,-18.540478,0.0],[140.68926297,-18.53691109,0.0],[140.68202632,-18.53310212,0.0],[140.6749346,-18.52905575,0.0],[140.66799649,-18.52477693,0.0],[140.66122045,-18.52027088,0.0],[140.65461475,-18.51554312,0.0],[140.64818745,-18.51059942,0.0],[140.64194638,-18.50544583,0.0],[140.63589916,-18.50008863,0.0],[140.63005316,-18.49453439,0.0],[140.6244155,-18.48878987,0.0],[140.61899303,-18.4828621,0.0],[140.61379238,-18.47675833,0.0],[140.60881985,-18.470486,0.0],[140.60408151,-18.46405278,0.0],[140.5995831,-18.45746651,0.0],[140.59533009,-18.45073525,0.0],[140.59132765,-18.44386721,0.0],[140.58758063,-18.43687077,0.0],[140.58409357,-18.42975448,0.0],[140.58087069,-18.42252701,0.0],[140.5779159,-18.41519718,0.0],[140.57523276,-18.40777395,0.0],[140.57282452,-18.40026636,0.0],[140.57069406,-18.39268356,0.0],[140.56884396,-18.38503482,0.0],[140.56727644,-18.37732945,0.0],[140.56599335,-18.36957686,0.0],[140.56499624,-18.36178648,0.0],[140.56428628,-18.35396782,0.0],[140.56386429,-18.3461304,0.0],[140.56373075,-18.33828379,0.0],[140.56388578,-18.33043752,0.0],[140.56432915,-18.32260117,0.0],[140.56506029,-18.31478429,0.0],[140.56607827,-18.30699638,0.0],[140.5673818,-18.29924693,0.0],[140.56896927,-18.29154539,0.0],[140.5708387,-18.28390112,0.0],[140.57298777,-18.27632343,0.0],[140.57541385,-18.26882155,0.0],[140.57811393,-18.26140459,0.0],[140.5810847,-18.2540816,0.0],[140.58432251,-18.24686147,0.0],[140.5878234,-18.23975299,0.0],[140.59158306,-18.23276481,0.0],[140.59559689,-18.22590543,0.0],[140.59985999,-18.21918318,0.0],[140.60246447,-18.21538266,0.0],[140.60213465,-18.21338816,0.0],[140.60113834,-18.2055978,0.0],[140.60042892,-18.19777915,0.0],[140.60000721,-18.18994174,0.0],[140.59987369,-18.18209512,0.0],[140.60002849,-18.17424885,0.0],[140.60047137,-18.1664125,0.0],[140.60120175,-18.1585956,0.0],[140.60221872,-18.15080768,0.0],[140.60352099,-18.14305823,0.0],[140.60510694,-18.13535666,0.0],[140.60697459,-18.12771237,0.0],[140.60912165,-18.12013466,0.0],[140.61154546,-18.11263275,0.0],[140.61424304,-18.10521577,0.0],[140.61721107,-18.09789274,0.0],[140.62044591,-18.09067258,0.0],[140.62394358,-18.08356407,0.0],[140.6276998,-18.07657585,0.0],[140.63170998,-18.06971642,0.0],[140.6359692,-18.06299413,0.0],[140.64047226,-18.05641715,0.0],[140.64521366,-18.04999347,0.0],[140.65018761,-18.04373091,0.0],[140.65538804,-18.03763707,0.0],[140.6608086,-18.03171937,0.0],[140.66644269,-18.02598498,0.0],[140.67228344,-18.0204409,0.0],[140.67832373,-18.01509384,0.0],[140.68455621,-18.0099503,0.0],[140.68704644,-18.00803569,0.0],[140.68571506,-18.00434406,0.0],[140.68331215,-17.99683654,0.0],[140.68118639,-17.9892538,0.0],[140.67934032,-17.98160511,0.0],[140.67777617,-17.97389979,0.0],[140.6764958,-17.96614723,0.0],[140.67550074,-17.95835688,0.0],[140.67479217,-17.95053824,0.0],[140.6743709,-17.94270084,0.0],[140.67423741,-17.93485422,0.0],[140.67439183,-17.92700796,0.0],[140.67483394,-17.9191716,0.0],[140.67556315,-17.91135469,0.0],[140.67657853,-17.90356675,0.0],[140.67787882,-17.89581727,0.0],[140.6794624,-17.88811568,0.0],[140.68132729,-17.88047136,0.0],[140.6834712,-17.87289361,0.0],[140.68589147,-17.86539166,0.0],[140.68858514,-17.85797463,0.0],[140.69154888,-17.85065155,0.0],[140.69477906,-17.84343134,0.0],[140.69827171,-17.83632277,0.0],[140.70202256,-17.82933449,0.0],[140.70602702,-17.822475,0.0],[140.71028018,-17.81575265,0.0],[140.71477685,-17.8091756,0.0],[140.71951153,-17.80275185,0.0],[140.72447845,-17.79648921,0.0],[140.72967153,-17.79039531,0.0],[140.73508445,-17.78447753,0.0],[140.74071061,-17.77874307,0.0],[140.74654315,-17.77319891,0.0],[140.75257496,-17.76785178,0.0],[140.75879869,-17.76270817,0.0],[140.76520678,-17.75777433,0.0],[140.77179142,-17.75305627,0.0],[140.7785446,-17.7485597,0.0],[140.7854581,-17.74429009,0.0],[140.79252352,-17.74025263,0.0],[140.79973227,-17.73645222,0.0],[140.80707559,-17.73289347,0.0],[140.81454454,-17.7295807,0.0],[140.82213006,-17.72651794,0.0],[140.82982294,-17.72370891,0.0],[140.83267913,-17.72277337,0.0],[140.83039061,-17.72273527,0.0],[140.8221633,-17.72232405,0.0],[140.81395612,-17.72163923,0.0],[140.80577911,-17.72068166,0.0],[140.79764227,-17.71945251,0.0],[140.78955555,-17.71795327,0.0],[140.78152884,-17.7161858,0.0],[140.77357194,-17.71415223,0.0],[140.7656946,-17.71185507,0.0],[140.75790642,-17.70929712,0.0],[140.75021694,-17.70648151,0.0],[140.74263555,-17.70341167,0.0],[140.73517151,-17.70009137,0.0],[140.72783394,-17.69652466,0.0],[140.7206318,-17.69271591,0.0],[140.71357389,-17.68866976,0.0],[140.70666882,-17.68439117,0.0],[140.69992502,-17.67988536,0.0],[140.69335072,-17.67515784,0.0],[140.68695393,-17.67021438,0.0],[140.68074247,-17.66506103,0.0],[140.6747239,-17.65970409,0.0],[140.66890555,-17.65415009,0.0],[140.66329453,-17.64840582,0.0],[140.65789765,-17.6424783,0.0],[140.65272149,-17.63637477,0.0],[140.64777234,-17.63010268,0.0],[140.64305624,-17.62366969,0.0],[140.6385789,-17.61708366,0.0],[140.63434577,-17.61035262,0.0],[140.63036199,-17.60348479,0.0],[140.62663239,-17.59648855,0.0],[140.62316149,-17.58937245,0.0],[140.6199535,-17.58214516,0.0],[140.6170123,-17.5748155,0.0],[140.61434144,-17.56739242,0.0],[140.61194415,-17.55988496,0.0],[140.60982333,-17.5523023,0.0],[140.60798151,-17.54465366,0.0],[140.60642091,-17.53694839,0.0],[140.6051434,-17.52919587,0.0],[140.6041505,-17.52140555,0.0],[140.60344338,-17.51358693,0.0],[140.60302287,-17.50574954,0.0],[140.60288944,-17.49790293,0.0],[140.60304321,-17.49005666,0.0],[140.60348397,-17.48222028,0.0],[140.60421113,-17.47440335,0.0],[140.60522379,-17.46661538,0.0],[140.60652066,-17.45886586,0.0],[140.60810013,-17.45116422,0.0],[140.60996024,-17.44351984,0.0],[140.61209869,-17.43594203,0.0],[140.61451286,-17.42844001,0.0],[140.61719975,-17.4210229,0.0],[140.62015608,-17.41369974,0.0],[140.62337821,-17.40647943,0.0],[140.62686219,-17.39937076,0.0],[140.63060376,-17.39238238,0.0],[140.63459833,-17.38552278,0.0],[140.63884101,-17.37880031,0.0],[140.64332663,-17.37222314,0.0],[140.6480497,-17.36579927,0.0],[140.65300446,-17.35953651,0.0],[140.65818485,-17.35344248,0.0],[140.66358456,-17.34752457,0.0],[140.66919701,-17.34178999,0.0],[140.67501535,-17.3362457,0.0],[140.6810325,-17.33089843,0.0],[140.68724113,-17.3257547,0.0],[140.69363369,-17.32082074,0.0],[140.70020238,-17.31610255,0.0],[140.70693922,-17.31160586,0.0],[140.71383601,-17.30733613,0.0],[140.72088436,-17.30329856,0.0],[140.72807572,-17.29949803,0.0],[140.73540132,-17.29593918,0.0],[140.74285228,-17.29262631,0.0],[140.75041953,-17.28956346,0.0],[140.75809388,-17.28675435,0.0],[140.76586601,-17.28420237,0.0],[140.77372649,-17.28191064,0.0],[140.78166575,-17.27988193,0.0],[140.78967417,-17.2781187,0.0],[140.79774202,-17.27662311,0.0],[140.80585949,-17.27539695,0.0],[140.81401675,-17.27444173,0.0],[140.82220389,-17.2737586,0.0],[140.83041096,-17.27334839,0.0],[140.838628,-17.2732116,0.0],[140.84684504,-17.27334839,0.0],[140.85505211,-17.2737586,0.0],[140.86323925,-17.27444173,0.0],[140.87139651,-17.27539695,0.0],[140.87951398,-17.27662311,0.0],[140.88758183,-17.2781187,0.0],[140.89559025,-17.27988193,0.0],[140.90352951,-17.28191064,0.0],[140.91138999,-17.28420237,0.0],[140.91916212,-17.28675435,0.0],[140.92683647,-17.28956346,0.0],[140.93440372,-17.29262631,0.0],[140.94185468,-17.29593918,0.0],[140.94918028,-17.29949803,0.0],[140.95637164,-17.30329856,0.0],[140.96341999,-17.30733613,0.0],[140.97031678,-17.31160586,0.0],[140.97705362,-17.31610255,0.0],[140.98362231,-17.32082074,0.0],[140.99001487,-17.3257547,0.0],[140.9962235,-17.33089843,0.0],[141.00224065,-17.3362457,0.0],[141.00805899,-17.34178999,0.0],[141.01367144,-17.34752457,0.0],[141.01907115,-17.35344248,0.0],[141.02425154,-17.35953651,0.0],[141.0292063,-17.36579927,0.0],[141.03392937,-17.37222314,0.0],[141.03841499,-17.37880031,0.0],[141.04265767,-17.38552278,0.0],[141.04665224,-17.39238238,0.0],[141.05039381,-17.39937076,0.0],[141.05387779,-17.40647943,0.0],[141.05709992,-17.41369974,0.0],[141.06005625,-17.4210229,0.0],[141.06274314,-17.42844001,0.0],[141.06515731,-17.43594203,0.0],[141.06729576,-17.44351984,0.0],[141.06787477,-17.44589937,0.0],[141.06853522,-17.44586639,0.0],[141.07676,-17.4457296,0.0],[141.08498478,-17.44586639,0.0],[141.09319958,-17.44627659,0.0],[141.10139443,-17.44695972,0.0],[141.10955937,-17.44791492,0.0],[141.11768449,-17.44914106,0.0],[141.12575994,-17.45063664,0.0],[141.13377591,-17.45239984,0.0],[141.14172266,-17.45442852,0.0],[141.14959055,-17.45672023,0.0],[141.15737002,-17.45927217,0.0],[141.16505162,-17.46208126,0.0],[141.17262602,-17.46514407,0.0],[141.18008402,-17.4684569,0.0],[141.18741656,-17.47201571,0.0],[141.19461472,-17.47581619,0.0],[141.20166975,-17.47985372,0.0],[141.20857309,-17.4841234,0.0],[141.21531632,-17.48862004,0.0],[141.22189125,-17.49333818,0.0],[141.22828988,-17.49827209,0.0],[141.23450443,-17.50341578,0.0],[141.24052732,-17.50876299,0.0],[141.24635122,-17.51430723,0.0],[141.25196903,-17.52004177,0.0],[141.25737391,-17.52595962,0.0],[141.26255927,-17.53205361,0.0],[141.26751878,-17.53831632,0.0],[141.2722464,-17.54474014,0.0],[141.27673634,-17.55131726,0.0],[141.28098313,-17.55803968,0.0],[141.28498157,-17.56489924,0.0],[141.28872677,-17.57188758,0.0],[141.29221415,-17.57899621,0.0],[141.29543943,-17.58621648,0.0],[141.29839866,-17.59353961,0.0],[141.3010882,-17.60095669,0.0],[141.30350476,-17.60845868,0.0],[141.30564535,-17.61603647,0.0],[141.30750733,-17.62368083,0.0],[141.30908841,-17.63138245,0.0],[141.31038662,-17.63913195,0.0],[141.31140034,-17.64691991,0.0],[141.31212831,-17.65473683,0.0],[141.31256959,-17.6625732,0.0],[141.31272362,-17.67041947,0.0],[141.31259017,-17.67826608,0.0],[141.31216936,-17.68610348,0.0],[141.31150175,-17.69347934,0.0],[141.31726208,-17.69376658,0.0],[141.32546814,-17.69444969,0.0],[141.33364426,-17.69540488,0.0],[141.34178052,-17.696631,0.0],[141.34986703,-17.69812655,0.0],[141.35789398,-17.69988972,0.0],[141.36585162,-17.70191837,0.0],[141.3737303,-17.70421003,0.0],[141.38152044,-17.70676193,0.0],[141.38921258,-17.70957096,0.0],[141.39679738,-17.71263373,0.0],[141.40426563,-17.71594649,0.0],[141.41160825,-17.71950525,0.0],[141.41881631,-17.72330567,0.0],[141.4228426,-17.72560667,0.0],[141.4304374,-17.72675099,0.0],[141.43852527,-17.72824654,0.0],[141.44655357,-17.7300097,0.0],[141.45451255,-17.73203835,0.0],[141.46239255,-17.73433001,0.0],[141.470184,-17.7368819,0.0],[141.47787744,-17.73969093,0.0],[141.48546352,-17.74275368,0.0],[141.49293302,-17.74606645,0.0],[141.50027688,-17.74962519,0.0],[141.50748616,-17.7534256,0.0],[141.5145521,-17.75746306,0.0],[141.51992256,-17.76077947,0.0],[141.52118947,-17.76005559,0.0],[141.52839902,-17.75625518,0.0],[141.53574314,-17.75269644,0.0],[141.54321293,-17.74938367,0.0],[141.55079929,-17.74632092,0.0],[141.55849301,-17.74351189,0.0],[141.56628475,-17.74096,0.0],[141.57416505,-17.73866834,0.0],[141.58212432,-17.7366397,0.0],[141.59015292,-17.73487654,0.0],[141.59824109,-17.73338099,0.0],[141.60637901,-17.73215488,0.0],[141.6145568,-17.73119969,0.0],[141.62276455,-17.73051658,0.0],[141.63099227,-17.73010639,0.0],[141.63923,-17.7299696,0.0],[141.64746773,-17.73010639,0.0],[141.65569545,-17.73051658,0.0],[141.6639032,-17.73119969,0.0],[141.67208099,-17.73215488,0.0],[141.68021891,-17.73338099,0.0],[141.68830708,-17.73487654,0.0],[141.69633568,-17.7366397,0.0],[141.70429495,-17.73866834,0.0],[141.71217525,-17.74096,0.0],[141.71996699,-17.74351189,0.0],[141.72766071,-17.74632092,0.0],[141.73524707,-17.74938367,0.0],[141.74271686,-17.75269644,0.0],[141.75006098,-17.75625518,0.0],[141.75540344,-17.75907138,0.0],[141.76150918,-17.75636366,0.0],[141.76909584,-17.75330091,0.0],[141.77678986,-17.75049189,0.0],[141.78458191,-17.74793999,0.0],[141.79246251,-17.74564834,0.0],[141.8004221,-17.7436197,0.0],[141.80845101,-17.74185653,0.0],[141.81653949,-17.74036099,0.0],[141.82467773,-17.73913488,0.0],[141.83285584,-17.73817969,0.0],[141.8410639,-17.73749658,0.0],[141.84929195,-17.73708639,0.0],[141.85753,-17.7369496,0.0],[141.86576805,-17.73708639,0.0],[141.8739961,-17.73749658,0.0],[141.88220416,-17.73817969,0.0],[141.89038227,-17.73913488,0.0],[141.89852051,-17.74036099,0.0],[141.90660899,-17.74185653,0.0],[141.9146379,-17.7436197,0.0],[141.92259749,-17.74564834,0.0],[141.93047809,-17.74793999,0.0],[141.93827014,-17.75049189,0.0],[141.94596416,-17.75330091,0.0],[141.95355082,-17.75636366,0.0],[141.96102089,-17.75967642,0.0],[141.96836531,-17.76323517,0.0],[141.97557514,-17.76703557,0.0],[141.98264163,-17.77107303,0.0],[141.98955617,-17.77534263,0.0],[141.99631036,-17.77983919,0.0],[142.002896,-17.78455725,0.0],[142.00930505,-17.78949107,0.0],[142.01552973,-17.79463467,0.0],[142.02156245,-17.7999818,0.0],[142.02739587,-17.80552595,0.0],[142.03302288,-17.8112604,0.0],[142.03843662,-17.81717817,0.0],[142.0436305,-17.82327207,0.0],[142.04859817,-17.8295347,0.0],[142.05333357,-17.83595844,0.0],[142.05783093,-17.84253548,0.0],[142.06208474,-17.84925783,0.0],[142.06608982,-17.85611731,0.0],[142.06984124,-17.86310559,0.0],[142.07333444,-17.87021415,0.0],[142.07656512,-17.87743436,0.0],[142.07886159,-17.8831078,0.0],[142.08582696,-17.88182095,0.0],[142.09397166,-17.88059485,0.0],[142.10215626,-17.87963968,0.0],[142.11037084,-17.87895658,0.0],[142.11860542,-17.87854638,0.0],[142.12685,-17.8784096,0.0],[142.13509458,-17.87854638,0.0],[142.14332916,-17.87895658,0.0],[142.15154374,-17.87963968,0.0],[142.15972834,-17.88059485,0.0],[142.16787304,-17.88182095,0.0],[142.17596794,-17.88331648,0.0],[142.18400323,-17.88507963,0.0],[142.19196914,-17.88710825,0.0],[142.199856,-17.88939988,0.0],[142.20765424,-17.89195175,0.0],[142.21535439,-17.89476074,0.0],[142.22294709,-17.89782347,0.0],[142.23042311,-17.90113619,0.0],[142.23777338,-17.9046949,0.0],[142.24498896,-17.90849527,0.0],[142.25206109,-17.91253269,0.0],[142.25898116,-17.91680225,0.0],[142.26574075,-17.92129877,0.0],[142.27233165,-17.92601679,0.0],[142.27874584,-17.93095058,0.0],[142.28497551,-17.93609414,0.0],[142.29101308,-17.94144122,0.0],[142.29685119,-17.94698533,0.0],[142.30248273,-17.95271974,0.0],[142.30790084,-17.95863747,0.0],[142.31309891,-17.96473133,0.0],[142.3180706,-17.97099391,0.0],[142.32271191,-17.97728487,0.0],[142.32524256,-17.97801981,0.0],[142.33304471,-17.98057166,0.0],[142.34074872,-17.98338064,0.0],[142.34834523,-17.98644334,0.0],[142.35582501,-17.98975605,0.0],[142.36317897,-17.99331474,0.0],[142.37039818,-17.99711508,0.0],[142.37747387,-18.00115248,0.0],[142.38439742,-18.00542202,0.0],[142.39090509,-18.00974874,0.0],[142.39743734,-18.00831643,0.0],[142.40553797,-18.00682092,0.0],[142.41368842,-18.00559483,0.0],[142.42187881,-18.00463966,0.0],[142.43009919,-18.00395657,0.0],[142.43833959,-18.00354638,0.0],[142.44659,-18.0034096,0.0],[142.45484041,-18.00354638,0.0],[142.46308081,-18.00395657,0.0],[142.47130119,-18.00463966,0.0],[142.47949158,-18.00559483,0.0],[142.48764203,-18.00682092,0.0],[142.49574266,-18.00831643,0.0],[142.50378363,-18.01007956,0.0],[142.51175518,-18.01210817,0.0],[142.51964763,-18.01439978,0.0],[142.52745139,-18.01695162,0.0],[142.53515699,-18.01976059,0.0],[142.54275507,-18.02282329,0.0],[142.5502364,-18.02613599,0.0],[142.55759189,-18.02969467,0.0],[142.56481259,-18.03349501,0.0],[142.57188975,-18.03753239,0.0],[142.57881474,-18.04180192,0.0],[142.58557915,-18.04629841,0.0],[142.59217475,-18.05101639,0.0],[142.59859351,-18.05595014,0.0],[142.60382391,-18.06026553,0.0],[142.60441358,-18.05974367,0.0],[142.61064765,-18.05460014,0.0],[142.61706637,-18.04966639,0.0],[142.62366192,-18.04494841,0.0],[142.63042628,-18.04045192,0.0],[142.63735122,-18.0361824,0.0],[142.64442831,-18.03214501,0.0],[142.65164897,-18.02834467,0.0],[142.6590044,-18.02478599,0.0],[142.66648567,-18.02147329,0.0],[142.67408369,-18.0184106,0.0],[142.68178923,-18.01560162,0.0],[142.68959293,-18.01304978,0.0],[142.69748532,-18.01075817,0.0],[142.70545681,-18.00872956,0.0],[142.71349771,-18.00696644,0.0],[142.72159828,-18.00547092,0.0],[142.72974868,-18.00424483,0.0],[142.737939,-18.00328966,0.0],[142.74615932,-18.00260657,0.0],[142.75439965,-18.00219638,0.0],[142.76265,-18.0020596,0.0],[142.77090035,-18.00219638,0.0],[142.77914068,-18.00260657,0.0],[142.787361,-18.00328966,0.0],[142.79555132,-18.00424483,0.0],[142.80370172,-18.00547092,0.0],[142.81180229,-18.00696644,0.0],[142.81984319,-18.00872956,0.0],[142.82781468,-18.01075817,0.0],[142.83570707,-18.01304978,0.0],[142.84351077,-18.01560162,0.0],[142.85121631,-18.0184106,0.0],[142.85881433,-18.02147329,0.0],[142.8662956,-18.02478599,0.0],[142.87365103,-18.02834467,0.0],[142.88087169,-18.03214501,0.0],[142.88794878,-18.0361824,0.0],[142.89487372,-18.04045192,0.0],[142.90163808,-18.04494841,0.0],[142.90823363,-18.04966639,0.0],[142.91465235,-18.05460014,0.0],[142.92088642,-18.05974367,0.0],[142.92692826,-18.06509071,0.0],[142.9327705,-18.07063479,0.0],[142.93840604,-18.07636916,0.0],[142.94382799,-18.08228685,0.0],[142.94902976,-18.08838067,0.0],[142.95400499,-18.09464322,0.0],[142.95874762,-18.10106689,0.0],[142.96325185,-18.10764386,0.0],[142.96751217,-18.11436614,0.0],[142.97152339,-18.12122555,0.0],[142.97528059,-18.12821376,0.0],[142.97877918,-18.13532227,0.0],[142.98201486,-18.14254242,0.0],[142.98498367,-18.14986543,0.0],[142.98639545,-18.15374608,0.0],[142.98940774,-18.14859592,0.0],[142.99366892,-18.14187365,0.0],[142.99817405,-18.13529669,0.0],[143.00291761,-18.12887303,0.0],[143.00789383,-18.12261049,0.0],[143.01309663,-18.11651668,0.0],[143.01851965,-18.11059899,0.0],[143.0241563,-18.10486464,0.0],[143.0299997,-18.09932057,0.0],[143.03604272,-18.09397353,0.0],[143.04227802,-18.08883002,0.0],[143.048698,-18.08389628,0.0],[143.05529484,-18.07917831,0.0],[143.06206052,-18.07468183,0.0],[143.06898681,-18.07041231,0.0],[143.07606529,-18.06637494,0.0],[143.08328736,-18.06257461,0.0],[143.09064423,-18.05901593,0.0],[143.09812696,-18.05570324,0.0],[143.10572646,-18.05264056,0.0],[143.1134335,-18.04983159,0.0],[143.12123873,-18.04727975,0.0],[143.12913265,-18.04498814,0.0],[143.13710569,-18.04295955,0.0],[143.14514816,-18.04119642,0.0],[143.1532503,-18.03970091,0.0],[143.16140228,-18.03847483,0.0],[143.1695942,-18.03751966,0.0],[143.17781612,-18.03683657,0.0],[143.18605805,-18.03642638,0.0],[143.19431,-18.0362896,0.0],[143.20256195,-18.03642638,0.0],[143.21080388,-18.03683657,0.0],[143.2190258,-18.03751966,0.0],[143.22721772,-18.03847483,0.0],[143.2353697,-18.03970091,0.0],[143.24347184,-18.04119642,0.0],[143.25151431,-18.04295955,0.0],[143.25948735,-18.04498814,0.0],[143.26738127,-18.04727975,0.0],[143.2751865,-18.04983159,0.0],[143.28289354,-18.05264056,0.0],[143.29049304,-18.05570324,0.0],[143.29797577,-18.05901593,0.0],[143.30033614,-18.06015769,0.0],[143.30391741,-18.05911813,0.0],[143.31189109,-18.05708954,0.0],[143.31993421,-18.05532642,0.0],[143.328037,-18.05383091,0.0],[143.33618964,-18.05260483,0.0],[143.34438221,-18.05164966,0.0],[143.35260479,-18.05096657,0.0],[143.36084739,-18.05055638,0.0],[143.3691,-18.0504196,0.0],[143.37735261,-18.05055638,0.0],[143.38559521,-18.05096657,0.0],[143.39381779,-18.05164966,0.0],[143.40201036,-18.05260483,0.0],[143.410163,-18.05383091,0.0],[143.41826579,-18.05532642,0.0],[143.42630891,-18.05708954,0.0],[143.43428259,-18.05911813,0.0],[143.44217715,-18.06140974,0.0],[143.44496369,-18.0623207,0.0],[143.44684,-18.0622896,0.0],[143.45509317,-18.06242638,0.0],[143.46333632,-18.06283657,0.0],[143.47155946,-18.06351966,0.0],[143.47975259,-18.06447482,0.0],[143.48790577,-18.0657009,0.0],[143.49600911,-18.06719641,0.0],[143.49800884,-18.06763474,0.0],[143.50054001,-18.06733966,0.0],[143.50876332,-18.06665657,0.0],[143.51700665,-18.06624638,0.0],[143.52526,-18.0661096,0.0],[143.53351335,-18.06624638,0.0],[143.54175668,-18.06665657,0.0],[143.54997999,-18.06733966,0.0],[143.55090751,-18.06744779,0.0],[143.55806341,-18.06756638,0.0],[143.56630681,-18.06797657,0.0],[143.57453018,-18.06865966,0.0],[143.58272355,-18.06961482,0.0],[143.59087697,-18.0708409,0.0],[143.59898055,-18.07233641,0.0],[143.60702445,-18.07409953,0.0],[143.6149989,-18.07612812,0.0],[143.62289423,-18.07841973,0.0],[143.63070084,-18.08097156,0.0],[143.63840925,-18.08378052,0.0],[143.6460101,-18.0868432,0.0],[143.65349416,-18.09015588,0.0],[143.66085234,-18.09371455,0.0],[143.66807569,-18.09751487,0.0],[143.67515543,-18.10155224,0.0],[143.68208296,-18.10582175,0.0],[143.68884985,-18.11031822,0.0],[143.69544787,-18.11503618,0.0],[143.701869,-18.11996991,0.0],[143.70810541,-18.12511342,0.0],[143.71414952,-18.13046044,0.0],[143.71999396,-18.1360045,0.0],[143.72563162,-18.14173885,0.0],[143.73105563,-18.14765652,0.0],[143.73625936,-18.15375033,0.0],[143.74123648,-18.16001286,0.0],[143.7459809,-18.16643651,0.0],[143.75048684,-18.17301346,0.0],[143.7547488,-18.17973572,0.0],[143.75876155,-18.18659512,0.0],[143.76252019,-18.19358331,0.0],[143.76602012,-18.2006918,0.0],[143.76925705,-18.20791194,0.0],[143.772227,-18.21523494,0.0],[143.77492634,-18.2226519,0.0],[143.77735175,-18.2301538,0.0],[143.77950022,-18.23773149,0.0],[143.78136913,-18.24537577,0.0],[143.78295614,-18.25307732,0.0],[143.7842593,-18.26082676,0.0],[143.78527698,-18.26861468,0.0],[143.78600789,-18.27643157,0.0],[143.78645112,-18.28426792,0.0],[143.78660608,-18.29211418,0.0],[143.78647255,-18.2999608,0.0],[143.78605064,-18.30779821,0.0],[143.78534084,-18.31561687,0.0],[143.78434396,-18.32340724,0.0],[143.7830612,-18.33115984,0.0],[143.78149406,-18.3388652,0.0],[143.77964443,-18.34651394,0.0],[143.77751452,-18.35409672,0.0],[143.77510689,-18.3616043,0.0],[143.77242444,-18.36902753,0.0],[143.76947042,-18.37635735,0.0],[143.76624838,-18.38358481,0.0],[143.76276223,-18.39070109,0.0],[143.75901619,-18.39769752,0.0],[143.75501481,-18.40456555,0.0],[143.75076292,-18.4112968,0.0],[143.7462657,-18.41788305,0.0],[143.74152861,-18.42431626,0.0],[143.7365574,-18.43058857,0.0],[143.73135812,-18.43669234,0.0],[143.7259371,-18.44262009,0.0],[143.72030094,-18.44836459,0.0],[143.7144565,-18.45391882,0.0],[143.70841089,-18.45927601,0.0],[143.7021715,-18.46442959,0.0],[143.69574591,-18.46937327,0.0],[143.68914198,-18.47410102,0.0],[143.68236776,-18.47860705,0.0],[143.67543151,-18.48288586,0.0],[143.6683417,-18.48693222,0.0],[143.66110699,-18.49074117,0.0],[143.65373621,-18.49430807,0.0],[143.64623837,-18.49762855,0.0],[143.63862262,-18.50069856,0.0],[143.63089828,-18.50351433,0.0],[143.62307478,-18.50607242,0.0],[143.61516168,-18.50836972,0.0],[143.60716866,-18.5104034,0.0],[143.59910549,-18.51217098,0.0],[143.59098203,-18.5136703,0.0],[143.58280822,-18.51489953,0.0],[143.57459404,-18.51585716,0.0],[143.56634956,-18.51654201,0.0],[143.55808484,-18.51695326,0.0],[143.54981,-18.5170904,0.0],[143.54153516,-18.51695326,0.0],[143.53327044,-18.51654201,0.0],[143.52502596,-18.51585716,0.0],[143.52411966,-18.5157515,0.0],[143.51698523,-18.51563326,0.0],[143.50872057,-18.51522201,0.0],[143.50047615,-18.51453716,0.0],[143.49226204,-18.51357953,0.0],[143.48408829,-18.5123503,0.0],[143.47596489,-18.51085098,0.0],[143.47405905,-18.51043319,0.0],[143.4716233,-18.51071716,0.0],[143.46337906,-18.51140201,0.0],[143.45511459,-18.51181326,0.0],[143.44684,-18.5119504,0.0],[143.43856541,-18.51181326,0.0],[143.43030094,-18.51140201,0.0],[143.4220567,-18.51071716,0.0],[143.41384277,-18.50975953,0.0],[143.40566921,-18.5085303,0.0],[143.39754599,-18.50703098,0.0],[143.38948306,-18.5052634,0.0],[143.38149028,-18.50322972,0.0],[143.37357742,-18.50093243,0.0],[143.37088142,-18.50005087,0.0],[143.3691,-18.5000804,0.0],[143.36082598,-18.49994326,0.0],[143.35256209,-18.49953201,0.0],[143.34431842,-18.49884716,0.0],[143.33610506,-18.49788953,0.0],[143.32793206,-18.49666031,0.0],[143.31980941,-18.49516099,0.0],[143.31174704,-18.49339341,0.0],[143.30375481,-18.49135973,0.0],[143.2958425,-18.48906244,0.0],[143.28801977,-18.48650434,0.0],[143.28029619,-18.48368858,0.0],[143.2726812,-18.48061858,0.0],[143.2651841,-18.4772981,0.0],[143.26302052,-18.47625099,0.0],[143.2596498,-18.47722974,0.0],[143.25165823,-18.47926342,0.0],[143.24359653,-18.48103099,0.0],[143.23547455,-18.48253031,0.0],[143.22730222,-18.48375953,0.0],[143.21908954,-18.48471716,0.0],[143.21084655,-18.48540201,0.0],[143.20258333,-18.48581326,0.0],[143.19431,-18.4859504,0.0],[143.18603667,-18.48581326,0.0],[143.17777345,-18.48540201,0.0],[143.16953046,-18.48471716,0.0],[143.16131778,-18.48375953,0.0],[143.15314545,-18.48253031,0.0],[143.14502347,-18.48103099,0.0],[143.13696177,-18.47926342,0.0],[143.1289702,-18.47722974,0.0],[143.12105854,-18.47493245,0.0],[143.11323646,-18.47237436,0.0],[143.10551351,-18.46955859,0.0],[143.09789915,-18.4664886,0.0],[143.09040266,-18.46316812,0.0],[143.08303322,-18.45960123,0.0],[143.07579981,-18.45579228,0.0],[143.06871129,-18.45174594,0.0],[143.06177629,-18.44746714,0.0],[143.05500329,-18.44296111,0.0],[143.04840055,-18.43823337,0.0],[143.04197613,-18.4332897,0.0],[143.03573785,-18.42813612,0.0],[143.02969333,-18.42277895,0.0],[143.02384994,-18.41722473,0.0],[143.01821479,-18.41148023,0.0],[143.01279474,-18.40555249,0.0],[143.00759639,-18.39944874,0.0],[143.00262607,-18.39317643,0.0],[142.99788982,-18.38674323,0.0],[142.9933934,-18.38015699,0.0],[142.98914227,-18.37342575,0.0],[142.98514159,-18.36655773,0.0],[142.98139621,-18.35956131,0.0],[142.97791067,-18.35244503,0.0],[142.9746892,-18.34521758,0.0],[142.97173569,-18.33788777,0.0],[142.97051181,-18.33450029,0.0],[142.96777707,-18.33919597,0.0],[142.96352676,-18.3459272,0.0],[142.95903122,-18.35251343,0.0],[142.95429589,-18.35894662,0.0],[142.94932655,-18.36521892,0.0],[142.94412922,-18.37132266,0.0],[142.93871023,-18.3772504,0.0],[142.93307619,-18.38299488,0.0],[142.92723394,-18.38854909,0.0],[142.92119062,-18.39390626,0.0],[142.91495357,-18.39905982,0.0],[142.90853042,-18.40400349,0.0],[142.90192898,-18.40873121,0.0],[142.89515732,-18.41323723,0.0],[142.8882237,-18.41751602,0.0],[142.88113658,-18.42156236,0.0],[142.87390462,-18.4253713,0.0],[142.87388971,-18.42537852,0.0],[142.87549921,-18.43195424,0.0],[142.87708805,-18.43965577,0.0],[142.87839273,-18.4474052,0.0],[142.87941162,-18.4551931,0.0],[142.88014345,-18.46300998,0.0],[142.88058727,-18.47084632,0.0],[142.88074252,-18.47869258,0.0],[142.88060895,-18.48653921,0.0],[142.88018671,-18.49437662,0.0],[142.87947625,-18.50219529,0.0],[142.87847841,-18.50998568,0.0],[142.87719437,-18.51773829,0.0],[142.87562564,-18.52544367,0.0],[142.87377411,-18.53309243,0.0],[142.871642,-18.54067525,0.0],[142.86923186,-18.54818286,0.0],[142.8665466,-18.55560612,0.0],[142.86358947,-18.56293597,0.0],[142.86036402,-18.57016347,0.0],[142.85687417,-18.5772798,0.0],[142.85312415,-18.58427627,0.0],[142.84911849,-18.59114435,0.0],[142.84486205,-18.59787565,0.0],[142.84036001,-18.60446195,0.0],[142.83561783,-18.61089521,0.0],[142.83064127,-18.61716758,0.0],[142.82543639,-18.6232714,0.0],[142.82000952,-18.62919921,0.0],[142.81436726,-18.63494376,0.0],[142.80851648,-18.64049805,0.0],[142.80246432,-18.64585529,0.0],[142.79621815,-18.65100893,0.0],[142.78978559,-18.65595267,0.0],[142.78317447,-18.66068047,0.0],[142.77639287,-18.66518655,0.0],[142.76944907,-18.66946541,0.0],[142.76235153,-18.67351182,0.0],[142.75510892,-18.67732082,0.0],[142.75315489,-18.6782654,0.0],[142.75398896,-18.68463115,0.0],[142.75472191,-18.69244802,0.0],[142.75516648,-18.70028436,0.0],[142.75532208,-18.70813062,0.0],[142.75518848,-18.71597724,0.0],[142.75476581,-18.72381467,0.0],[142.75405454,-18.73163335,0.0],[142.75305549,-18.73942375,0.0],[142.75176985,-18.74717638,0.0],[142.75019915,-18.75488179,0.0],[142.74834525,-18.76253058,0.0],[142.74621039,-18.77011343,0.0],[142.74379712,-18.77762108,0.0],[142.74110836,-18.78504438,0.0],[142.73814734,-18.79237428,0.0],[142.73491765,-18.79960183,0.0],[142.7314232,-18.80671821,0.0],[142.7276682,-18.81371474,0.0],[142.72365722,-18.82058287,0.0],[142.71939511,-18.82731423,0.0],[142.71488706,-18.8339006,0.0],[142.71013854,-18.84033392,0.0],[142.70515531,-18.84660636,0.0],[142.69994344,-18.85271024,0.0],[142.69450927,-18.85863812,0.0],[142.69419969,-18.85895289,0.0],[142.70078014,-18.86330599,0.0],[142.70740739,-18.86802374,0.0],[142.71385699,-18.87295725,0.0],[142.72012109,-18.87810053,0.0],[142.72619207,-18.88344733,0.0],[142.73206252,-18.88899116,0.0],[142.7377253,-18.89472529,0.0],[142.74317351,-18.90064274,0.0],[142.7484005,-18.90673632,0.0],[142.75339989,-18.91299864,0.0],[142.7581656,-18.91942207,0.0],[142.76269178,-18.92599882,0.0],[142.76697292,-18.93272088,0.0],[142.77100378,-18.93958009,0.0],[142.77477943,-18.9465681,0.0],[142.77732624,-18.95171729,0.0],[142.78515617,-18.95184637,0.0],[142.79344227,-18.95225653,0.0],[142.80170825,-18.95293958,0.0],[142.80994408,-18.95389468,0.0],[142.81813976,-18.95512067,0.0],[142.82628535,-18.95661608,0.0],[142.83437096,-18.95837909,0.0],[142.84238678,-18.96040755,0.0],[142.85032307,-18.962699,0.0],[142.85817021,-18.96525067,0.0],[142.86591866,-18.96805946,0.0],[142.87355902,-18.97112195,0.0],[142.88108199,-18.97443443,0.0],[142.88847846,-18.97799288,0.0],[142.89573942,-18.98179298,0.0],[142.90285605,-18.98583011,0.0],[142.90981971,-18.99009938,0.0],[142.91662192,-18.9945956,0.0],[142.92325442,-18.99931331,0.0],[142.92970912,-19.00424678,0.0],[142.93597819,-19.00939002,0.0],[142.94205398,-19.01473679,0.0],[142.94792909,-19.02028058,0.0],[142.95359638,-19.02601466,0.0],[142.95904892,-19.03193207,0.0],[142.96428008,-19.03802562,0.0],[142.96928347,-19.0442879,0.0],[142.97405299,-19.0507113,0.0],[142.97858281,-19.05728801,0.0],[142.98286739,-19.06401003,0.0],[142.98690149,-19.07086921,0.0],[142.99068019,-19.07785719,0.0],[142.99419884,-19.08496547,0.0],[142.99745315,-19.09218542,0.0],[143.00043911,-19.09950825,0.0],[143.00315306,-19.10692504,0.0],[143.00559165,-19.11442679,0.0],[143.00775189,-19.12200435,0.0],[143.0096311,-19.12964851,0.0],[143.01122697,-19.13734996,0.0],[143.0125375,-19.14509932,0.0],[143.01356106,-19.15288717,0.0],[143.01429636,-19.16070401,0.0],[143.01474248,-19.16854033,0.0],[143.01489881,-19.17638659,0.0],[143.01476514,-19.18423322,0.0],[143.01462719,-19.18678583,0.0],[143.01936693,-19.18991502,0.0],[143.0260073,-19.19463267,0.0],[143.03246968,-19.19956609,0.0],[143.03874621,-19.20470927,0.0],[143.04482923,-19.21005597,0.0],[143.05071136,-19.21559971,0.0],[143.05638541,-19.22133373,0.0],[143.06184448,-19.22725109,0.0],[143.0670819,-19.23334457,0.0],[143.0720913,-19.2396068,0.0],[143.07686654,-19.24603014,0.0],[143.08140181,-19.25260679,0.0],[143.08569156,-19.25932877,0.0],[143.08973054,-19.26618789,0.0],[143.09351382,-19.27317582,0.0],[143.09703675,-19.28028406,0.0],[143.10029503,-19.28750397,0.0],[143.10328464,-19.29482676,0.0],[143.10600192,-19.30224352,0.0],[143.10844353,-19.30974523,0.0],[143.11060645,-19.31732276,0.0],[143.11248802,-19.32496689,0.0],[143.1140859,-19.33266832,0.0],[143.11539812,-19.34041767,0.0],[143.11642302,-19.3482055,0.0],[143.11715932,-19.35602233,0.0],[143.11760609,-19.36385865,0.0],[143.11776274,-19.3717049,0.0],[143.11771243,-19.37465756,0.0],[143.11937581,-19.37575446,0.0],[143.12602376,-19.38047206,0.0],[143.13249353,-19.38540542,0.0],[143.13877724,-19.39054855,0.0],[143.14486723,-19.3958952,0.0],[143.1507561,-19.40143888,0.0],[143.15643667,-19.40717285,0.0],[143.16190202,-19.41309014,0.0],[143.16714547,-19.41918358,0.0],[143.17216064,-19.42544574,0.0],[143.17694141,-19.43186903,0.0],[143.17826696,-19.43378899,0.0],[143.18235294,-19.43526589,0.0],[143.19001507,-19.43832828,0.0],[143.1975595,-19.44164065,0.0],[143.20497707,-19.44519899,0.0],[143.21225877,-19.44899897,0.0],[143.21939574,-19.45303598,0.0],[143.22637931,-19.45730512,0.0],[143.23320099,-19.46180121,0.0],[143.23985249,-19.46651878,0.0],[143.2463257,-19.47145212,0.0],[143.25261276,-19.47659522,0.0],[143.25870601,-19.48194184,0.0],[143.26459803,-19.48748549,0.0],[143.27028165,-19.49321943,0.0],[143.27574992,-19.49913671,0.0],[143.28099619,-19.50523011,0.0],[143.28601406,-19.51149226,0.0],[143.2907974,-19.51791552,0.0],[143.29534038,-19.5244921,0.0],[143.29963742,-19.53121401,0.0],[143.30368329,-19.53807306,0.0],[143.30747304,-19.54506092,0.0],[143.31100201,-19.5521691,0.0],[143.31426589,-19.55938895,0.0],[143.31726066,-19.56671168,0.0],[143.31998265,-19.57412839,0.0],[143.32242851,-19.58163005,0.0],[143.32459523,-19.58920754,0.0],[143.32648012,-19.59685164,0.0],[143.32808085,-19.60455304,0.0],[143.32939543,-19.61230236,0.0],[143.33042223,-19.62009017,0.0],[143.33115995,-19.62790699,0.0],[143.33160764,-19.6357433,0.0],[143.33176472,-19.64358954,0.0],[143.33163096,-19.65143618,0.0],[143.33120648,-19.65927363,0.0],[143.33049175,-19.66709236,0.0],[143.3294876,-19.67488283,0.0],[143.32819521,-19.68263555,0.0],[143.32661612,-19.69034106,0.0],[143.3247522,-19.69798998,0.0],[143.3226057,-19.70557296,0.0],[143.32017919,-19.71308077,0.0],[143.31747559,-19.72050425,0.0],[143.31449816,-19.72783433,0.0],[143.3112505,-19.73506208,0.0],[143.30773653,-19.74217868,0.0],[143.3039605,-19.74917544,0.0],[143.299927,-19.75604381,0.0],[143.29564091,-19.76277542,0.0],[143.29110743,-19.76936204,0.0],[143.28633207,-19.77579563,0.0],[143.28132063,-19.78206834,0.0],[143.27607921,-19.7881725,0.0],[143.27061419,-19.79410065,0.0],[143.2649322,-19.79984556,0.0],[143.25904018,-19.8054002,0.0],[143.2529453,-19.81075779,0.0],[143.246655,-19.81591177,0.0],[143.24017693,-19.82085585,0.0],[143.233519,-19.82558399,0.0],[143.22668934,-19.83009041,0.0],[143.21969627,-19.83436959,0.0],[143.21254834,-19.8384163,0.0],[143.20525428,-19.8422256,0.0],[143.19782299,-19.84579283,0.0],[143.19026356,-19.84911362,0.0],[143.18375328,-19.85171685,0.0],[143.18683397,-19.85790988,0.0],[143.19010426,-19.86512966,0.0],[143.19310494,-19.87245233,0.0],[143.19583232,-19.87986899,0.0],[143.19828304,-19.8873706,0.0],[143.20045409,-19.89494804,0.0],[143.20234278,-19.9025921,0.0],[143.20391891,-19.91015962,0.0],[143.21184966,-19.91187861,0.0],[143.21991273,-19.91390692,0.0],[143.22789583,-19.91619821,0.0],[143.23578926,-19.91874971,0.0],[143.24358344,-19.9215583,0.0],[143.25126892,-19.92462058,0.0],[143.25883635,-19.92793284,0.0],[143.26627654,-19.93149106,0.0],[143.27358046,-19.93529091,0.0],[143.28073923,-19.93932779,0.0],[143.28774415,-19.9435968,0.0],[143.2945867,-19.94809275,0.0],[143.30125856,-19.95281018,0.0],[143.30775161,-19.95774337,0.0],[143.31405796,-19.96288633,0.0],[143.32016992,-19.9682328,0.0],[143.32608006,-19.9737763,0.0],[143.33178117,-19.9795101,0.0],[143.33726631,-19.98542723,0.0],[143.34252877,-19.99152049,0.0],[143.34756216,-19.99778249,0.0],[143.35236032,-20.00420562,0.0],[143.35691738,-20.01078206,0.0],[143.36122779,-20.01750384,0.0],[143.36528627,-20.02436276,0.0],[143.36908785,-20.03135051,0.0],[143.37262787,-20.03845857,0.0],[143.37590201,-20.04567831,0.0],[143.37890622,-20.05300094,0.0],[143.38163683,-20.06041756,0.0],[143.38409047,-20.06791914,0.0],[143.38514635,-20.07159998,0.0],[143.3873755,-20.07096082,0.0],[143.39544662,-20.06893252,0.0],[143.403588,-20.06716967,0.0],[143.41178976,-20.06567438,0.0],[143.42004194,-20.06444849,0.0],[143.42833453,-20.06349347,0.0],[143.43665747,-20.06281048,0.0],[143.44500067,-20.06240036,0.0],[143.453354,-20.0622636,0.0],[143.46170733,-20.06240036,0.0],[143.47005053,-20.06281048,0.0],[143.47837347,-20.06349347,0.0],[143.48666606,-20.06444849,0.0],[143.49491824,-20.06567438,0.0],[143.50312,-20.06716967,0.0],[143.51126138,-20.06893252,0.0],[143.5193325,-20.07096082,0.0],[143.52732357,-20.07325208,0.0],[143.53522489,-20.07580355,0.0],[143.54302686,-20.0786121,0.0],[143.55072003,-20.08167435,0.0],[143.55829503,-20.08498658,0.0],[143.56574267,-20.08854476,0.0],[143.57305391,-20.09234457,0.0],[143.58021986,-20.09638141,0.0],[143.58723181,-20.10065037,0.0],[143.59408123,-20.10514627,0.0],[143.6007598,-20.10986366,0.0],[143.60725939,-20.1147968,0.0],[143.61357209,-20.11993971,0.0],[143.61969021,-20.12528614,0.0],[143.62560632,-20.13082959,0.0],[143.63131319,-20.13656334,0.0],[143.63680387,-20.14248042,0.0],[143.64207168,-20.14857364,0.0],[143.64711017,-20.15483559,0.0],[143.6519132,-20.16125867,0.0],[143.65647491,-20.16783508,0.0],[143.66078972,-20.17455681,0.0],[143.66485235,-20.18141569,0.0],[143.66865783,-20.1884034,0.0],[143.67220149,-20.19551143,0.0],[143.675479,-20.20273113,0.0],[143.67848632,-20.21005373,0.0],[143.68121977,-20.21747032,0.0],[143.68367597,-20.22497188,0.0],[143.6858519,-20.23254927,0.0],[143.68774487,-20.24019328,0.0],[143.68935253,-20.2478946,0.0],[143.69067289,-20.25564386,0.0],[143.69170429,-20.26343163,0.0],[143.69244543,-20.27124841,0.0],[143.69289537,-20.2790847,0.0],[143.69305351,-20.28693094,0.0],[143.69291962,-20.29477758,0.0],[143.69249382,-20.30261505,0.0],[143.69177658,-20.31043381,0.0],[143.69076873,-20.31822433,0.0],[143.68947145,-20.32597711,0.0],[143.68788629,-20.33368269,0.0],[143.68601513,-20.34133169,0.0],[143.68386022,-20.34891478,0.0],[143.68239692,-20.35342462,0.0],[143.68958289,-20.35600676,0.0],[143.69728981,-20.35906895,0.0],[143.70487837,-20.36238111,0.0],[143.71233934,-20.36593922,0.0],[143.71966368,-20.36973896,0.0],[143.72684248,-20.37377573,0.0],[143.733867,-20.37804461,0.0],[143.74072873,-20.38254044,0.0],[143.7474193,-20.38725774,0.0],[143.75393058,-20.3921908,0.0],[143.76025464,-20.39733363,0.0],[143.7663838,-20.40267997,0.0],[143.77231058,-20.40822334,0.0],[143.77802776,-20.413957,0.0],[143.78352838,-20.419874,0.0],[143.78880572,-20.42596713,0.0],[143.79385336,-20.432229,0.0],[143.79866512,-20.43865201,0.0],[143.80323514,-20.44522833,0.0],[143.80755782,-20.45194999,0.0],[143.81162787,-20.4588088,0.0],[143.81544032,-20.46579644,0.0],[143.8189905,-20.4729044,0.0],[143.82227405,-20.48012404,0.0],[143.82528693,-20.48744659,0.0],[143.82802545,-20.49486312,0.0],[143.83048624,-20.50236463,0.0],[143.83266625,-20.50994198,0.0],[143.8345628,-20.51758595,0.0],[143.83617353,-20.52528724,0.0],[143.83749644,-20.53303648,0.0],[143.83852988,-20.54082422,0.0],[143.83927253,-20.54864099,0.0],[143.83972346,-20.55647727,0.0],[143.83988207,-20.56432351,0.0],[143.83974812,-20.57217015,0.0],[143.83932173,-20.58000763,0.0],[143.83860338,-20.58782641,0.0],[143.83759388,-20.59561694,0.0],[143.83629444,-20.60336975,0.0],[143.83470659,-20.61107537,0.0],[143.83283222,-20.6187244,0.0],[143.83067357,-20.62630753,0.0],[143.82823324,-20.63381549,0.0],[143.82551417,-20.64123914,0.0],[143.822941,-20.64753794,0.0],[143.82336887,-20.64746023,0.0],[143.8316522,-20.64623439,0.0],[143.8399761,-20.64527941,0.0],[143.84833046,-20.64459646,0.0],[143.85670514,-20.64418636,0.0],[143.86509,-20.6440496,0.0],[143.87347486,-20.64418636,0.0],[143.88184954,-20.64459646,0.0],[143.8902039,-20.64527941,0.0],[143.8985278,-20.64623439,0.0],[143.90681113,-20.64746023,0.0],[143.91504386,-20.64895545,0.0],[143.92321599,-20.65071823,0.0],[143.93131761,-20.65274643,0.0],[143.93933889,-20.6550376,0.0],[143.94727009,-20.65758895,0.0],[143.95510158,-20.66039739,0.0],[143.96282386,-20.66345951,0.0],[143.97042755,-20.6667716,0.0],[143.97790342,-20.67032963,0.0],[143.98524238,-20.6741293,0.0],[143.99243552,-20.67816598,0.0],[143.9994741,-20.68243478,0.0],[144.00634955,-20.68693051,0.0],[144.00654191,-20.68706586,0.0],[144.01026036,-20.6838285,0.0],[144.01659636,-20.67868576,0.0],[144.02311992,-20.67375279,0.0],[144.0298231,-20.66903557,0.0],[144.03669774,-20.66453983,0.0],[144.04373548,-20.66027102,0.0],[144.05092777,-20.65623434,0.0],[144.05826586,-20.65243467,0.0],[144.06574085,-20.64887663,0.0],[144.07334364,-20.64556454,0.0],[144.08106501,-20.64250241,0.0],[144.08889558,-20.63969397,0.0],[144.09246155,-20.63854671,0.0],[144.09392142,-20.63766108,0.0],[144.10111263,-20.63362439,0.0],[144.10844963,-20.62982471,0.0],[144.1159235,-20.62626667,0.0],[144.12352516,-20.62295457,0.0],[144.13124538,-20.61989244,0.0],[144.13907479,-20.61708399,0.0],[144.14700387,-20.61453263,0.0],[144.15502301,-20.61224146,0.0],[144.16312247,-20.61021325,0.0],[144.17129243,-20.60845046,0.0],[144.17952297,-20.60695524,0.0],[144.1878041,-20.6057294,0.0],[144.19612578,-20.60477442,0.0],[144.20447792,-20.60409146,0.0],[144.21285037,-20.60368136,0.0],[144.221233,-20.6035446,0.0],[144.22961563,-20.60368136,0.0],[144.23798808,-20.60409146,0.0],[144.24634022,-20.60477442,0.0],[144.2546619,-20.6057294,0.0],[144.26294303,-20.60695524,0.0],[144.27117357,-20.60845046,0.0],[144.27934353,-20.61021325,0.0],[144.28744299,-20.61224146,0.0],[144.29546213,-20.61453263,0.0],[144.30339121,-20.61708399,0.0],[144.31122062,-20.61989244,0.0],[144.31894084,-20.62295457,0.0],[144.3265425,-20.62626667,0.0],[144.33401637,-20.62982471,0.0],[144.34135337,-20.63362439,0.0],[144.34854458,-20.63766108,0.0],[144.35558127,-20.64192989,0.0],[144.36245489,-20.64642564,0.0],[144.36915706,-20.65114286,0.0],[144.37567964,-20.65607584,0.0],[144.3820147,-20.66121859,0.0],[144.38815452,-20.66656485,0.0],[144.39409162,-20.67210814,0.0],[144.39981877,-20.67784172,0.0],[144.40532899,-20.68375864,0.0],[144.41061556,-20.68985169,0.0],[144.41567204,-20.69611349,0.0],[144.42049224,-20.70253641,0.0],[144.42507028,-20.70911266,0.0],[144.42940057,-20.71583425,0.0],[144.43347781,-20.72269299,0.0],[144.437297,-20.72968057,0.0],[144.44085347,-20.73678846,0.0],[144.44414285,-20.74400805,0.0],[144.44716111,-20.75133054,0.0],[144.44990454,-20.75874703,0.0],[144.45236975,-20.76624849,0.0],[144.45455371,-20.7738258,0.0],[144.45645372,-20.78146973,0.0],[144.45806742,-20.78917099,0.0],[144.4593928,-20.7969202,0.0],[144.4604282,-20.80470793,0.0],[144.46117232,-20.81252468,0.0],[144.46162421,-20.82036095,0.0],[144.46178327,-20.82820718,0.0],[144.46164926,-20.83605383,0.0],[144.4612223,-20.84389132,0.0],[144.46050286,-20.85171011,0.0],[144.45949178,-20.85950067,0.0],[144.45819023,-20.86725349,0.0],[144.45659978,-20.87495914,0.0],[144.4547223,-20.88260821,0.0],[144.45256005,-20.89019138,0.0],[144.45011561,-20.89769939,0.0],[144.44739194,-20.90512309,0.0],[144.4443923,-20.91245342,0.0],[144.44112033,-20.91968143,0.0],[144.43757997,-20.9267983,0.0],[144.43377551,-20.93379535,0.0],[144.42971156,-20.94066403,0.0],[144.42539304,-20.94739595,0.0],[144.42082519,-20.95398291,0.0],[144.41601356,-20.96041684,0.0],[144.410964,-20.96668989,0.0],[144.40568263,-20.97279441,0.0],[144.4001759,-20.97872292,0.0],[144.3944505,-20.98446819,0.0],[144.3885134,-20.99002319,0.0],[144.38237183,-20.99538114,0.0],[144.37603329,-21.00053548,0.0],[144.36950549,-21.00547992,0.0],[144.36279641,-21.0102084,0.0],[144.35591423,-21.01471516,0.0],[144.34886734,-21.01899467,0.0],[144.34166436,-21.02304171,0.0],[144.33431408,-21.02685131,0.0],[144.32682547,-21.03041883,0.0],[144.3192077,-21.0337399,0.0],[144.31147007,-21.03681046,0.0],[144.30362204,-21.03962675,0.0],[144.3010531,-21.04045364,0.0],[144.30018772,-21.04711404,0.0],[144.29888466,-21.05486689,0.0],[144.29729233,-21.06257256,0.0],[144.29541261,-21.07022165,0.0],[144.29324775,-21.07780485,0.0],[144.29080036,-21.08531289,0.0],[144.28807337,-21.09273663,0.0],[144.28507007,-21.10006699,0.0],[144.28179409,-21.10729504,0.0],[144.27824937,-21.11441196,0.0],[144.27444022,-21.12140906,0.0],[144.27037124,-21.12827778,0.0],[144.26604737,-21.13500976,0.0],[144.26147385,-21.14159677,0.0],[144.25665624,-21.14803075,0.0],[144.25160038,-21.15430386,0.0],[144.24631243,-21.16040843,0.0],[144.24079882,-21.166337,0.0],[144.23506625,-21.17208233,0.0],[144.22912172,-21.17763739,0.0],[144.22297245,-21.18299539,0.0],[144.21662595,-21.18814979,0.0],[144.21008995,-21.19309429,0.0],[144.20337243,-21.19782283,0.0],[144.19648158,-21.20232964,0.0],[144.18942582,-21.20660921,0.0],[144.18221376,-21.21065629,0.0],[144.1748542,-21.21446595,0.0],[144.16735615,-21.21803351,0.0],[144.15972875,-21.22135463,0.0],[144.15198134,-21.22442523,0.0],[144.14412339,-21.22724155,0.0],[144.14411737,-21.22724349,0.0],[144.14398546,-21.22788116,0.0],[144.14210374,-21.23553028,0.0],[144.13993657,-21.2431135,0.0],[144.13748654,-21.25062157,0.0],[144.1347566,-21.25804534,0.0],[144.13175004,-21.26537573,0.0],[144.12847048,-21.27260382,0.0],[144.12492189,-21.27972078,0.0],[144.12110856,-21.28671791,0.0],[144.11703511,-21.29358669,0.0],[144.11270647,-21.30031871,0.0],[144.1081279,-21.30690576,0.0],[144.10330496,-21.31333979,0.0],[144.09824351,-21.31961295,0.0],[144.09294969,-21.32571757,0.0],[144.08742995,-21.33164619,0.0],[144.081691,-21.33739157,0.0],[144.07573985,-21.34294668,0.0],[144.06958372,-21.34830474,0.0],[144.06323014,-21.35345919,0.0],[144.05668684,-21.35840373,0.0],[144.04996181,-21.36313233,0.0],[144.04306325,-21.36763918,0.0],[144.03599958,-21.37191879,0.0],[144.02877943,-21.37596592,0.0],[144.02141162,-21.37977562,0.0],[144.01778358,-21.38149992,0.0],[144.01587395,-21.38446817,0.0],[144.01129279,-21.39105525,0.0],[144.00646711,-21.39748931,0.0],[144.00140279,-21.40376249,0.0],[143.99610596,-21.40986713,0.0],[143.99058308,-21.41579578,0.0],[143.98484087,-21.42154118,0.0],[143.97888631,-21.42709632,0.0],[143.97272667,-21.4324544,0.0],[143.96636946,-21.43760888,0.0],[143.95982241,-21.44255345,0.0],[143.95309353,-21.44728207,0.0],[143.94619101,-21.45178895,0.0],[143.93912329,-21.45606858,0.0],[143.931899,-21.46011574,0.0],[143.92452695,-21.46392546,0.0],[143.91701617,-21.46749309,0.0],[143.90937581,-21.47081426,0.0],[143.90161523,-21.47388492,0.0],[143.89374392,-21.47670129,0.0],[143.88577148,-21.47925995,0.0],[143.87770769,-21.48155775,0.0],[143.86956239,-21.48359188,0.0],[143.86134556,-21.48535986,0.0],[143.85306725,-21.48685952,0.0],[143.84473759,-21.48808903,0.0],[143.83636678,-21.48904687,0.0],[143.82796504,-21.48973189,0.0],[143.81954268,-21.49014323,0.0],[143.81949959,-21.49014393,0.0],[143.8196968,-21.493545,0.0],[143.81985703,-21.50139122,0.0],[143.81972286,-21.50923787,0.0],[143.81929439,-21.51707539,0.0],[143.81857212,-21.52489421,0.0],[143.81755686,-21.53268482,0.0],[143.81624981,-21.54043771,0.0],[143.81465251,-21.54814344,0.0],[143.81276688,-21.5557926,0.0],[143.81059515,-21.56337587,0.0],[143.80813995,-21.570884,0.0],[143.80540421,-21.57830782,0.0],[143.80239123,-21.58563829,0.0],[143.79910465,-21.59286645,0.0],[143.79554844,-21.59998348,0.0],[143.7917269,-21.6069807,0.0],[143.78764465,-21.61384955,0.0],[143.78330665,-21.62058166,0.0],[143.77871816,-21.6271688,0.0],[143.77388475,-21.63360293,0.0],[143.76881228,-21.63987618,0.0],[143.76350694,-21.6459809,0.0],[143.75797516,-21.65190962,0.0],[143.75222368,-21.6576551,0.0],[143.74625952,-21.66321031,0.0],[143.74008992,-21.66856846,0.0],[143.73372241,-21.67372301,0.0],[143.72716476,-21.67866765,0.0],[143.72042497,-21.68339634,0.0],[143.71351125,-21.68790329,0.0],[143.70643205,-21.69218299,0.0],[143.69919602,-21.69623021,0.0],[143.69181199,-21.70004,0.0],[143.68428898,-21.70360769,0.0],[143.67663619,-21.70692892,0.0],[143.66886296,-21.70999962,0.0],[143.66097882,-21.71281605,0.0],[143.65299338,-21.71537475,0.0],[143.64491644,-21.71767259,0.0],[143.63675785,-21.71970676,0.0],[143.62852761,-21.72147477,0.0],[143.62023579,-21.72297446,0.0],[143.61189252,-21.72420399,0.0],[143.60350803,-21.72516185,0.0],[143.59509258,-21.72584688,0.0],[143.58665646,-21.72625823,0.0],[143.57985463,-21.72636869,0.0],[143.57934466,-21.73188239,0.0],[143.57832808,-21.73967301,0.0],[143.5770193,-21.74742592,0.0],[143.57541984,-21.75513167,0.0],[143.57353163,-21.76278086,0.0],[143.57135692,-21.77036416,0.0],[143.56889831,-21.77787233,0.0],[143.56615876,-21.78529619,0.0],[143.56314158,-21.7926267,0.0],[143.55985039,-21.79985491,0.0],[143.55628917,-21.80697199,0.0],[143.55246224,-21.81396926,0.0],[143.54837423,-21.82083817,0.0],[143.54403008,-21.82757033,0.0],[143.53943508,-21.83415753,0.0],[143.53459479,-21.84059172,0.0],[143.52951511,-21.84686504,0.0],[143.52420219,-21.85296982,0.0],[143.51866251,-21.8588986,0.0],[143.51290281,-21.86464414,0.0],[143.50693011,-21.87019941,0.0],[143.50075167,-21.87555763,0.0],[143.49437502,-21.88071225,0.0],[143.48780796,-21.88565695,0.0],[143.48105847,-21.8903857,0.0],[143.47413481,-21.89489271,0.0],[143.46704542,-21.89917247,0.0],[143.45979896,-21.90321975,0.0],[143.45240429,-21.90702959,0.0],[143.44487042,-21.91059733,0.0],[143.43720659,-21.91391861,0.0],[143.42942214,-21.91698936,0.0],[143.4215266,-21.91980583,0.0],[143.41352963,-21.92236457,0.0],[143.40928122878847,-21.922454740769798,0.0],[143.40846250965873,-21.924025946818556,0.0],[143.40762737787605,-21.92558970558828,0.0],[143.40677591165115,-21.927145869618677,0.0],[143.4059081907429,-21.928694292160785,0.0],[143.40502429645105,-21.930234827190855,0.0],[143.40412431160837,-21.931767329424222,0.0],[143.40320832057338,-21.93329165432904,0.0],[143.40227640922248,-21.934807658140045,0.0],[143.40132866494173,-21.936315197872126,0.0],[143.40036517661912,-21.937814131333923,0.0],[143.39938603463608,-21.939304317141318,0.0],[143.39839133085923,-21.94078561473082,0.0],[143.39738115863167,-21.942257884372935,0.0],[143.3963556127646,-21.94372098718539,0.0],[143.3953147895283,-21.945174785146346,0.0],[143.39425878664315,-21.946619141107483,0.0],[143.39318770327066,-21.94805391880702,0.0],[143.3921016400041,-21.949478982882656,0.0],[143.3910006988593,-21.95089419888441,0.0],[143.38988498326498,-21.952299433287415,0.0],[143.38875459805308,-21.953694553504576,0.0],[143.3876096494491,-21.955079427899165,0.0],[143.38645024506215,-21.95645392579734,0.0],[143.38527649387473,-21.957817917500567,0.0],[143.38408850623279,-21.959171274297912,0.0],[143.3828863938351,-21.96051386847829,0.0],[143.3816702697231,-21.96184557334262,0.0],[143.38044024827008,-21.963166263215843,0.0],[143.37919644517055,-21.964475813458883,0.0],[143.37793897742944,-21.9657741004805,0.0],[143.37666796335097,-21.967061001749016,0.0],[143.37538352252767,-21.968336395804016,0.0],[143.37408577582912,-21.969600162267845,0.0],[143.37277484539055,-21.970852181857097,0.0],[143.37145085460142,-21.972092336393956,0.0],[143.37011392809376,-21.97332050881742,0.0],[143.36876419173043,-21.974536583194464,0.0],[143.36740177259344,-21.975740444731052,0.0],[143.36602679897166,-21.976931979783078,0.0],[143.36463940034906,-21.97811107586718,0.0],[143.36323970739232,-21.97927762167143,0.0],[143.36182785193856,-21.980431507065955,0.0],[143.3604039669829,-21.981572623113415,0.0],[143.35896818666592,-21.98270086207935,0.0],[143.35752064626098,-21.983816117442498,0.0],[143.35606148216144,-21.98491828390487,0.0],[143.35459083186785,-21.98600725740184,0.0],[143.35310883397483,-21.98708293511201,0.0],[143.3516156281581,-21.988145215467046,0.0],[143.3501113551611,-21.989193998161316,0.0],[143.34859615678192,-21.990229184161482,0.0],[143.3470701758597,-21.991250675715918,0.0],[143.34553355626107,-21.99225837636403,0.0],[143.3439864428668,-21.99325219094544,0.0],[143.3424289815577,-21.994232025609094,0.0],[143.34086131920108,-21.995197787822146,0.0],[143.3392836036368,-21.99614938637884,0.0],[143.33769598366305,-21.997086731409166,0.0],[143.33609860902257,-21.998009734387445,0.0],[143.33449163038813,-21.998918308140773,0.0],[143.33287519934842,-21.999812366857334,0.0],[143.33124946839365,-22.000691826094567,0.0],[143.32961459090097,-22.001556602787243,0.0],[143.32797072112,-22.002406615255385,0.0],[143.32631801415823,-22.003241783212033,0.0],[143.04858869014927,-21.895987042568947,0.0],[143.04806401415868,-21.894311170982725,0.0],[143.0475568990446,-21.892630653251782,0.0],[143.04706739197286,-21.890945647741546,0.0],[143.04659553844522,-21.889256313234714,0.0],[143.04614138229508,-21.887562808916247,0.0],[143.04570496568374,-21.885865294358318,0.0],[143.04528632909665,-21.884163929505252,0.0],[143.04488551133971,-21.88245887465842,0.0],[143.04450254953608,-21.880750290461066,0.0],[143.0441374791226,-21.879038337883188,0.0],[143.04379033384694,-21.87732317820628,0.0],[143.04346114576458,-21.875604973008162,0.0],[143.04314994523597,-21.873883884147695,0.0],[143.04285676092397,-21.872160073749505,0.0],[143.04258161979143,-21.870433704188706,0.0],[143.04232454709881,-21.868704938075542,0.0],[143.04208556640208,-21.866973938240097,0.0],[143.04186469955073,-21.86524086771689,0.0],[143.041661966686,-21.863505889729513,0.0],[143.04147738623925,-21.861769167675263,0.0],[143.0413109749303,-21.860030865109696,0.0],[143.04116274776632,-21.858291145731243,0.0],[143.04103271804058,-21.856550173365758,0.0],[143.04092089733143,-21.8548081119511,0.0],[143.04082729550143,-21.85306512552166,0.0],[143.0407519206968,-21.851321378192917,0.0],[143.04069477934675,-21.849577034145995,0.0],[143.04065587616324,-21.847832257612172,0.0],[143.0406352141407,-21.846087212857434,0.0],[143.04063279455613,-21.84434206416699,0.0],[143.04064861696907,-21.842596975829828,0.0],[143.04068267922193,-21.840852112123226,0.0],[143.0407349774406,-21.839107637297307,0.0],[143.0408055060349,-21.837363715559587,0.0],[143.04089425769934,-21.835620511059485,0.0],[143.04100122341424,-21.833878187872948,0.0],[143.04112639244664,-21.832136909986954,0.0],[143.04126975235164,-21.83039684128412,0.0],[143.04143128897385,-21.828658145527296,0.0],[143.04161098644892,-21.82692098634414,0.0],[143.04180882720524,-21.825185527211765,0.0],[143.04202479196596,-21.823451931441365,0.0],[143.04225885975094,-21.821720362162853,0.0],[143.04251100787906,-21.819990982309537,0.0],[143.04278121197052,-21.81826395460284,0.0],[143.04306944594938,-21.816539441536964,0.0],[143.04337568204633,-21.81481760536368,0.0],[143.0436998908015,-21.813098608077038,0.0],[143.04404204106737,-21.8113826113982,0.0],[143.0444021000121,-21.809669776760234,0.0],[143.04478003312278,-21.80796026529297,0.0],[143.04517580420892,-21.80625423780786,0.0],[143.04558937540602,-21.804551854782904,0.0],[143.04602070717948,-21.802853276347594,0.0],[143.04646975832847,-21.80115866226786,0.0],[143.04693648599002,-21.79946817193113,0.0],[143.04742084564327,-21.79778196433134,0.0],[143.04792279111402,-21.79610019805405,0.0],[143.04844227457906,-21.79442303126155,0.0],[143.04897924657112,-21.792750621678064,0.0],[143.0495336559835,-21.791083126574925,0.0],[143.05010545007534,-21.789420702755866,0.0],[143.05069457447658,-21.787763506542323,0.0],[143.0513009731933,-21.78611169375876,0.0],[143.05192458861342,-21.784465419718103,0.0],[143.05256536151202,-21.782824839207173,0.0],[143.05322323105727,-21.781190106472195,0.0],[143.0538981348163,-21.779561375204345,0.0],[143.05459000876132,-21.77793879852536,0.0],[143.05529878727577,-21.776322528973218,0.0],[143.05602440316062,-21.774712718487837,0.0],[143.0567667876411,-21.77310951839687,0.0],[143.05752587037304,-21.771513079401522,0.0],[143.0583015794499,-21.76992355156247,0.0],[143.05909384140958,-21.768341084285826,0.0],[143.05990258124157,-21.766765826309122,0.0],[143.06072772239412,-21.765197925687453,0.0],[143.0615691867816,-21.76363752977957,0.0],[143.06242689479208,-21.762084785234155,0.0],[143.06330076529485,-21.760539837976076,0.0],[143.0641907156482,-21.75900283319275,0.0],[143.0650966617076,-21.757473915320578,0.0],[143.0660185178333,-21.755953228031444,0.0],[143.06695619689899,-21.754440914219277,0.0],[143.06790961029978,-21.752937115986718,0.0],[143.06887866796086,-21.751441974631824,0.0],[143.069863278346,-21.74995563063488,0.0],[143.07086334846636,-21.748478223645275,0.0],[143.07187878388928,-21.74700989246845,0.0],[143.07290948874729,-21.745550775052962,0.0],[143.0739553657473,-21.74410100847756,0.0],[143.07501631617973,-21.742660728938425,0.0],[143.07609223992804,-21.74123007173645,0.0],[143.0771830354781,-21.739809171264586,0.0],[143.07828859992802,-21.738398160995324,0.0],[143.07940882899763,-21.73699717346824,0.0],[143.08054361703861,-21.735606340277613,0.0],[143.0816928570445,-21.734225792060148,0.0],[143.08285644066066,-21.732855658482805,0.0],[143.0840342581947,-21.731496068230697,0.0],[143.08522619862677,-21.730147148995083,0.0],[143.08643214962007,-21.72880902746146,0.0],[143.0876519975316,-21.727481829297762,0.0],[143.0888856274226,-21.72616567914263,0.0],[143.09013292306977,-21.72486070059379,0.0],[143.09139376697598,-21.72356701619656,0.0],[143.09266804038145,-21.72228474743239,0.0],[143.093955623275,-21.72101401470757,0.0],[143.09525639440525,-21.719754937341992,0.0],[143.09657023129213,-21.71850763355804,0.0],[143.09677922,-21.71622603,0.0],[143.096645,-21.70837938,0.0],[143.0968056,-21.70053316,0.0],[143.09726078,-21.69269692,0.0],[143.09800994,-21.68488021,0.0],[143.09905212,-21.67709255,0.0],[143.09961816,-21.67380415,0.0],[143.09805508,-21.66626962,0.0],[143.09674698,-21.65851672,0.0],[143.09573092,-21.6507261,0.0],[143.0950081,-21.64290727,0.0],[143.09457935,-21.63506976,0.0],[143.09444514,-21.6272231,0.0],[143.0946056,-21.61937688,0.0],[143.09506047,-21.61154064,0.0],[143.09580915,-21.60372393,0.0],[143.0968507,-21.59593626,0.0],[143.09796947,-21.58943289,0.0],[143.09126058,-21.58775868,0.0],[143.08319089,-21.58546086,0.0],[143.07521264,-21.58290218,0.0],[143.06733557,-21.58008578,0.0],[143.05956932,-21.57701511,0.0],[143.0519234,-21.57369391,0.0],[143.04440713,-21.57012625,0.0],[143.03702972,-21.5663165,0.0],[143.02980016,-21.56226932,0.0],[143.0227273,-21.55798965,0.0],[143.01581977,-21.55348274,0.0],[143.00908599,-21.54875409,0.0],[143.0025342,-21.54380949,0.0],[142.99617237,-21.53865498,0.0],[142.99000827,-21.53329686,0.0],[142.98404941,-21.52774169,0.0],[142.97830304,-21.52199626,0.0],[142.97277618,-21.51606758,0.0],[142.96747553,-21.5099629,0.0],[142.96240756,-21.50368969,0.0],[142.95757841,-21.4972556,0.0],[142.95299397,-21.49066849,0.0],[142.94865979,-21.48393642,0.0],[142.94458113,-21.4770676,0.0],[142.94076294,-21.47007041,0.0],[142.93934341,-21.46722705,0.0],[142.93731682,-21.46685987,0.0],[142.92910103,-21.46509189,0.0],[142.92095677,-21.46305776,0.0],[142.912894,-21.46075996,0.0],[142.90492258,-21.45820131,0.0],[142.89705226,-21.45538494,0.0],[142.88929266,-21.45231429,0.0],[142.88165327,-21.44899312,0.0],[142.87414344,-21.4454255,0.0],[142.86677232,-21.44161578,0.0],[142.85954894,-21.43756863,0.0],[142.85402875,-21.43422563,0.0],[142.85360823,-21.43672161,0.0],[142.85201201,-21.44442732,0.0],[142.85012765,-21.45207647,0.0],[142.84795741,-21.45965972,0.0],[142.84550389,-21.46716783,0.0],[142.84277004,-21.47459164,0.0],[142.83975916,-21.48192208,0.0],[142.83647486,-21.48915022,0.0],[142.83292114,-21.49626723,0.0],[142.82910227,-21.50326441,0.0],[142.82502289,-21.51013324,0.0],[142.82068795,-21.51686533,0.0],[142.81610269,-21.52345244,0.0],[142.81127269,-21.52988654,0.0],[142.80620381,-21.53615976,0.0],[142.80090222,-21.54226444,0.0],[142.79537437,-21.54819313,0.0],[142.78962698,-21.55393857,0.0],[142.78366705,-21.55949375,0.0],[142.77750184,-21.56485188,0.0],[142.77113887,-21.57000639,0.0],[142.7645859,-21.574951,0.0],[142.75785091,-21.57967966,0.0],[142.75094214,-21.58418658,0.0],[142.743868,-21.58846625,0.0],[142.73663714,-21.59251344,0.0],[142.7292584,-21.5963232,0.0],[142.72174078,-21.59989086,0.0],[142.71409347,-21.60321207,0.0],[142.70632582,-21.60628275,0.0],[142.69844733,-21.60909916,0.0],[142.69046763,-21.61165784,0.0],[142.68239648,-21.61395566,0.0],[142.67424376,-21.61598981,0.0],[142.66601943,-21.61775781,0.0],[142.65773357,-21.61925749,0.0],[142.6493963,-21.620487,0.0],[142.64101784,-21.62144486,0.0],[142.63260844,-21.62212988,0.0],[142.62417838,-21.62254123,0.0],[142.615738,-21.6226784,0.0],[142.60729762,-21.62254123,0.0],[142.59886756,-21.62212988,0.0],[142.59045816,-21.62144486,0.0],[142.5820797,-21.620487,0.0],[142.57374243,-21.61925749,0.0],[142.56545657,-21.61775781,0.0],[142.55723224,-21.61598981,0.0],[142.54907952,-21.61395566,0.0],[142.54100837,-21.61165784,0.0],[142.53302867,-21.60909916,0.0],[142.52515018,-21.60628275,0.0],[142.51738253,-21.60321207,0.0],[142.50973522,-21.59989086,0.0],[142.5022176,-21.5963232,0.0],[142.49483886,-21.59251344,0.0],[142.487608,-21.58846625,0.0],[142.48053386,-21.58418658,0.0],[142.47362509,-21.57967966,0.0],[142.4668901,-21.574951,0.0],[142.46033713,-21.57000639,0.0],[142.45397416,-21.56485188,0.0],[142.44780895,-21.55949375,0.0],[142.44184902,-21.55393857,0.0],[142.43610163,-21.54819313,0.0],[142.43057378,-21.54226444,0.0],[142.42527219,-21.53615976,0.0],[142.42020331,-21.52988654,0.0],[142.41537331,-21.52345244,0.0],[142.41078805,-21.51686533,0.0],[142.40645311,-21.51013324,0.0],[142.40237373,-21.50326441,0.0],[142.39855486,-21.49626723,0.0],[142.39500114,-21.48915022,0.0],[142.39171684,-21.48192208,0.0],[142.38870596,-21.47459164,0.0],[142.38597211,-21.46716783,0.0],[142.38351859,-21.45965972,0.0],[142.38134835,-21.45207647,0.0],[142.37946399,-21.44442732,0.0],[142.37786777,-21.43672161,0.0],[142.37656158,-21.42896872,0.0],[142.37554698,-21.42117812,0.0],[142.37482515,-21.4133593,0.0],[142.37439692,-21.4055218,0.0],[142.37426277,-21.39767515,0.0],[142.37442282,-21.38982892,0.0],[142.37487682,-21.38199267,0.0],[142.37562418,-21.37417595,0.0],[142.37666393,-21.36638826,0.0],[142.37799476,-21.35863911,0.0],[142.37961501,-21.35093792,0.0],[142.38152266,-21.34329406,0.0],[142.38371535,-21.33571684,0.0],[142.38619035,-21.32821547,0.0],[142.38894462,-21.32079909,0.0],[142.39197477,-21.31347672,0.0],[142.39527707,-21.30625727,0.0],[142.39884745,-21.2991495,0.0],[142.40268155,-21.29216207,0.0],[142.40677466,-21.28530347,0.0],[142.41112178,-21.27858205,0.0],[142.41571758,-21.27200596,0.0],[142.42055644,-21.2655832,0.0],[142.42563246,-21.25932157,0.0],[142.43093944,-21.25322869,0.0],[142.4364709,-21.24731195,0.0],[142.4422201,-21.24157854,0.0],[142.44818003,-21.23603543,0.0],[142.45434343,-21.23068934,0.0],[142.46070279,-21.22554677,0.0],[142.46725038,-21.22061396,0.0],[142.47397822,-21.2158969,0.0],[142.48087813,-21.21140132,0.0],[142.48794173,-21.20713267,0.0],[142.49516042,-21.20309613,0.0],[142.50252543,-21.1992966,0.0],[142.51002782,-21.1957387,0.0],[142.51159457,-21.19505867,0.0],[142.51152962,-21.19125798,0.0],[142.51168931,-21.18341175,0.0],[142.51214253,-21.17557549,0.0],[142.51288871,-21.16775876,0.0],[142.51392686,-21.15997106,0.0],[142.5152557,-21.15222189,0.0],[142.51687355,-21.14452067,0.0],[142.5187784,-21.13687678,0.0],[142.52096789,-21.12929953,0.0],[142.52343931,-21.12179813,0.0],[142.52618961,-21.11438171,0.0],[142.5292154,-21.10705929,0.0],[142.53251297,-21.09983979,0.0],[142.53607826,-21.09273198,0.0],[142.5399069,-21.0857445,0.0],[142.54399419,-21.07888585,0.0],[142.54833514,-21.07216436,0.0],[142.55292444,-21.06558821,0.0],[142.55775647,-21.05916539,0.0],[142.56282533,-21.0529037,0.0],[142.56812483,-21.04681076,0.0],[142.57364851,-21.04089396,0.0],[142.57938963,-21.03516048,0.0],[142.5853412,-21.02961731,0.0],[142.59149596,-21.02427116,0.0],[142.59784642,-21.01912852,0.0],[142.60438484,-21.01419565,0.0],[142.61110328,-21.00947853,0.0],[142.61799356,-21.00498289,0.0],[142.6250473,-21.00071418,0.0],[142.63225592,-20.99667759,0.0],[142.63961067,-20.99287801,0.0],[142.64710261,-20.98932005,0.0],[142.65472264,-20.98600804,0.0],[142.6624615,-20.98294599,0.0],[142.67030981,-20.98013762,0.0],[142.67825802,-20.97758633,0.0],[142.6862965,-20.97529521,0.0],[142.69441549,-20.97326706,0.0],[142.70260514,-20.97150432,0.0],[142.71085551,-20.97000915,0.0],[142.71915659,-20.96878334,0.0],[142.72749832,-20.96782838,0.0],[142.73587057,-20.96714545,0.0],[142.74426319,-20.96673535,0.0],[142.752666,-20.9665986,0.0],[142.76106881,-20.96673535,0.0],[142.76946143,-20.96714545,0.0],[142.77783368,-20.96782838,0.0],[142.779113,-20.96797484,0.0],[142.78009897,-20.96765833,0.0],[142.78813691,-20.96536722,0.0],[142.79189423,-20.96442857,0.0],[142.79682668,-20.95875421,0.0],[142.80234707,-20.95283739,0.0],[142.80720549,-20.94798253,0.0],[142.79932145,-20.94707712,0.0],[142.79102226,-20.94584767,0.0],[142.78277423,-20.94434807,0.0],[142.77458744,-20.94258016,0.0],[142.76987582,-20.94139925,0.0],[142.76859312,-20.94185985,0.0],[142.76064948,-20.9444184,0.0],[142.75261482,-20.94671611,0.0],[142.74449896,-20.94875016,0.0],[142.73631184,-20.95051807,0.0],[142.72806346,-20.95201766,0.0],[142.71976393,-20.95324712,0.0],[142.71142339,-20.95420492,0.0],[142.70305206,-20.95488991,0.0],[142.69466017,-20.95530124,0.0],[142.686258,-20.9554384,0.0],[142.67785583,-20.95530124,0.0],[142.66946394,-20.95488991,0.0],[142.66109261,-20.95420492,0.0],[142.65275207,-20.95324712,0.0],[142.64445254,-20.95201766,0.0],[142.63620416,-20.95051807,0.0],[142.62801704,-20.94875016,0.0],[142.61990118,-20.94671611,0.0],[142.61186652,-20.9444184,0.0],[142.60392288,-20.94185985,0.0],[142.59607998,-20.93904358,0.0],[142.5883474,-20.93597305,0.0],[142.5807346,-20.932652,0.0],[142.57325088,-20.9290845,0.0],[142.56590539,-20.92527492,0.0],[142.5587071,-20.92122791,0.0],[142.5516648,-20.91694843,0.0],[142.5447871,-20.9124417,0.0],[142.53808237,-20.90771324,0.0],[142.53155882,-20.90276884,0.0],[142.52870369,-20.90044563,0.0],[142.52329271,-20.90180218,0.0],[142.51510815,-20.90357008,0.0],[142.50686236,-20.90506968,0.0],[142.49856543,-20.90629913,0.0],[142.4902275,-20.90725693,0.0],[142.48185879,-20.90794191,0.0],[142.47346954,-20.90835324,0.0],[142.46507,-20.9084904,0.0],[142.45667046,-20.90835324,0.0],[142.44828121,-20.90794191,0.0],[142.4399125,-20.90725693,0.0],[142.43157457,-20.90629913,0.0],[142.42327764,-20.90506968,0.0],[142.41503185,-20.90357008,0.0],[142.40684729,-20.90180218,0.0],[142.39873397,-20.89976814,0.0],[142.39070182,-20.89747044,0.0],[142.38276067,-20.8949119,0.0],[142.37492021,-20.89209564,0.0],[142.36719005,-20.88902512,0.0],[142.35957963,-20.88570408,0.0],[142.35209825,-20.88213659,0.0],[142.34475505,-20.87832703,0.0],[142.337559,-20.87428003,0.0],[142.3347889,-20.87259617,0.0],[142.32852755,-20.87290324,0.0],[142.32013,-20.8730404,0.0],[142.31173245,-20.87290324,0.0],[142.30334517,-20.87249191,0.0],[142.29497843,-20.87180693,0.0],[142.28664248,-20.87084913,0.0],[142.2783475,-20.86961969,0.0],[142.27010366,-20.8681201,0.0],[142.26192103,-20.8663522,0.0],[142.25380963,-20.86431816,0.0],[142.24577937,-20.86202047,0.0],[142.23784009,-20.85946193,0.0],[142.23000148,-20.85664568,0.0],[142.22227314,-20.85357517,0.0],[142.21466451,-20.85025414,0.0],[142.20718488,-20.84668666,0.0],[142.20662722,-20.84639729,0.0],[142.20244653,-20.84856666,0.0],[142.19496681,-20.85213414,0.0],[142.18735808,-20.85545516,0.0],[142.17962964,-20.85852568,0.0],[142.17179094,-20.86134193,0.0],[142.16385156,-20.86390047,0.0],[142.1558212,-20.86619816,0.0],[142.1477097,-20.8682322,0.0],[142.13952697,-20.8700001,0.0],[142.13128302,-20.87149969,0.0],[142.12298794,-20.87272913,0.0],[142.11465188,-20.87368693,0.0],[142.10628504,-20.87437191,0.0],[142.09789766,-20.87478324,0.0],[142.0895,-20.8749204,0.0],[142.08110234,-20.87478324,0.0],[142.07271496,-20.87437191,0.0],[142.06434812,-20.87368693,0.0],[142.05601206,-20.87272913,0.0],[142.04771698,-20.87149969,0.0],[142.04556233,-20.87110775,0.0],[142.04360748,-20.8715301,0.0],[142.03536344,-20.87302968,0.0],[142.02706828,-20.87425913,0.0],[142.01873214,-20.87521693,0.0],[142.01036521,-20.87590191,0.0],[142.00197774,-20.87631324,0.0],[141.99358,-20.8764504,0.0],[141.98518226,-20.87631324,0.0],[141.97679479,-20.87590191,0.0],[141.96842786,-20.87521693,0.0],[141.96009172,-20.87425913,0.0],[141.95179656,-20.87302968,0.0],[141.94355252,-20.8715301,0.0],[141.93536971,-20.8697622,0.0],[141.92725812,-20.86772816,0.0],[141.91922769,-20.86543047,0.0],[141.91128822,-20.86287193,0.0],[141.90344944,-20.86005568,0.0],[141.89572092,-20.85698516,0.0],[141.88811212,-20.85366413,0.0],[141.88063232,-20.85009666,0.0],[141.87873679,-20.84911307,0.0],[141.8753484,-20.85117309,0.0],[141.86815346,-20.85522008,0.0],[141.86081138,-20.85902964,0.0],[141.85333115,-20.86259712,0.0],[141.84572189,-20.86591815,0.0],[141.83799292,-20.86898867,0.0],[141.83015367,-20.87180492,0.0],[141.82221373,-20.87436346,0.0],[141.81418282,-20.87666116,0.0],[141.80607075,-20.8786952,0.0],[141.79788745,-20.88046309,0.0],[141.78964293,-20.88196268,0.0],[141.78134727,-20.88319213,0.0],[141.77301063,-20.88414993,0.0],[141.76464321,-20.88483491,0.0],[141.75625524,-20.88524624,0.0],[141.747857,-20.8853834,0.0],[141.73945876,-20.88524624,0.0],[141.73107079,-20.88483491,0.0],[141.72270337,-20.88414993,0.0],[141.71436673,-20.88319213,0.0],[141.70607107,-20.88196268,0.0],[141.69782655,-20.88046309,0.0],[141.68964325,-20.8786952,0.0],[141.68153118,-20.87666116,0.0],[141.67350027,-20.87436346,0.0],[141.66556033,-20.87180492,0.0],[141.65772108,-20.86898867,0.0],[141.64999211,-20.86591815,0.0],[141.64238285,-20.86259712,0.0],[141.63490262,-20.85902964,0.0],[141.63056481,-20.8567789,0.0],[141.62796224,-20.85553765,0.0],[141.62062033,-20.85172808,0.0],[141.61342556,-20.8476811,0.0],[141.60638669,-20.84340163,0.0],[141.59951234,-20.83889493,0.0],[141.59281088,-20.83416649,0.0],[141.58629049,-20.8292221,0.0],[141.57995914,-20.82406781,0.0],[141.57382453,-20.81870992,0.0],[141.56789415,-20.81315497,0.0],[141.56217522,-20.80740975,0.0],[141.5566747,-20.80148129,0.0],[141.55139929,-20.79537683,0.0],[141.54635541,-20.78910383,0.0],[141.54154919,-20.78266994,0.0],[141.53698647,-20.77608304,0.0],[141.53267278,-20.76935116,0.0],[141.52861337,-20.76248253,0.0],[141.52481315,-20.75548552,0.0],[141.52127672,-20.74836869,0.0],[141.520269,-20.74614011,0.0],[141.51350308,-20.74395805,0.0],[141.50567047,-20.74114183,0.0],[141.49794803,-20.73807134,0.0],[141.49034521,-20.73475034,0.0],[141.48287129,-20.73118289,0.0],[141.47553542,-20.72737336,0.0],[141.46834654,-20.7233264,0.0],[141.46131345,-20.71904698,0.0],[141.45444473,-20.71454031,0.0],[141.44774875,-20.70981191,0.0],[141.4412337,-20.70486756,0.0],[141.43490752,-20.6997133,0.0],[141.42877792,-20.69435545,0.0],[141.42285237,-20.68880053,0.0],[141.4171381,-20.68305536,0.0],[141.41164205,-20.67712693,0.0],[141.40637093,-20.67102251,0.0],[141.40133114,-20.66474954,0.0],[141.3965288,-20.6583157,0.0],[141.39196977,-20.65172883,0.0],[141.38765956,-20.64499698,0.0],[141.38360341,-20.63812838,0.0],[141.37980624,-20.6311314,0.0],[141.37627265,-20.6240146,0.0],[141.37300691,-20.61678666,0.0],[141.37001296,-20.60945639,0.0],[141.36729444,-20.60203275,0.0],[141.3648546,-20.59452479,0.0],[141.36269638,-20.58694166,0.0],[141.36082238,-20.57929263,0.0],[141.35923484,-20.57158702,0.0],[141.35793565,-20.56383422,0.0],[141.35718308,-20.55802533,0.0],[141.35238503,-20.55664973,0.0],[141.34446171,-20.55409125,0.0],[141.33663885,-20.55127506,0.0],[141.32892603,-20.54820461,0.0],[141.32133267,-20.54488366,0.0],[141.31386805,-20.54131626,0.0],[141.30654129,-20.53750677,0.0],[141.29936135,-20.53345987,0.0],[141.29233699,-20.5291805,0.0],[141.28547678,-20.52467388,0.0],[141.2787891,-20.51994554,0.0],[141.27228212,-20.51500125,0.0],[141.26596376,-20.50984705,0.0],[141.25984173,-20.50448925,0.0],[141.2539235,-20.4989344,0.0],[141.24821627,-20.49318928,0.0],[141.24272699,-20.48726091,0.0],[141.23746234,-20.48115655,0.0],[141.23242874,-20.47488364,0.0],[141.22763229,-20.46844984,0.0],[141.22307883,-20.46186303,0.0],[141.21877388,-20.45513123,0.0],[141.21472267,-20.44826268,0.0],[141.21093011,-20.44126575,0.0],[141.2074008,-20.43414899,0.0],[141.204139,-20.42692109,0.0],[141.20114867,-20.41959086,0.0],[141.19843339,-20.41216725,0.0],[141.19599646,-20.40465933,0.0],[141.19384081,-20.39707623,0.0],[141.19196901,-20.38942723,0.0],[141.19038331,-20.38172163,0.0],[141.1890856,-20.37396885,0.0],[141.18807742,-20.36617833,0.0],[141.18735996,-20.35835956,0.0],[141.18693404,-20.35052209,0.0],[141.18680014,-20.34267545,0.0],[141.18685423,-20.33999364,0.0],[141.18285618,-20.33773735,0.0],[141.17584071,-20.33345803,0.0],[141.16898919,-20.32895147,0.0],[141.16230997,-20.32422319,0.0],[141.1558112,-20.31927896,0.0],[141.14950082,-20.31412482,0.0],[141.14338651,-20.30876708,0.0],[141.13747572,-20.30321229,0.0],[141.13177567,-20.29746723,0.0],[141.12629328,-20.29153892,0.0],[141.12103524,-20.28543461,0.0],[141.11600794,-20.27916176,0.0],[141.11121748,-20.27272802,0.0],[141.1066697,-20.26614126,0.0],[141.10237012,-20.25940952,0.0],[141.09832394,-20.25254101,0.0],[141.09453608,-20.24554414,0.0],[141.09101113,-20.23842742,0.0],[141.08775335,-20.23119956,0.0],[141.08476668,-20.22386937,0.0],[141.08205473,-20.2164458,0.0],[141.07962076,-20.20893791,0.0],[141.07746771,-20.20135485,0.0],[141.07559815,-20.19370587,0.0],[141.07401433,-20.18600029,0.0],[141.07271814,-20.17824753,0.0],[141.07171111,-20.17045702,0.0],[141.07099442,-20.16263827,0.0],[141.07056891,-20.1548008,0.0],[141.07043505,-20.14695416,0.0],[141.07059296,-20.13910792,0.0],[141.0710424,-20.13127163,0.0],[141.07178279,-20.12345484,0.0],[141.07281317,-20.11566706,0.0],[141.07413225,-20.10791779,0.0],[141.07573838,-20.10021645,0.0],[141.07753715,-20.09294596,0.0],[141.07019869,-20.09453939,0.0],[141.0619963,-20.09603889,0.0],[141.0619963,-20.09603889,0.0]],[[143.2170601,-21.14995382,0.0],[143.21619274,-21.15348137,0.0],[143.21622812,-21.15348897,0.0],[143.22435696,-21.15551709,0.0],[143.23240519,-21.15780817,0.0],[143.24036306,-21.16035943,0.0],[143.24822089,-21.16316777,0.0],[143.25596916,-21.16622978,0.0],[143.26359846,-21.16954175,0.0],[143.27109951,-21.17309966,0.0],[143.27846321,-21.17689919,0.0],[143.28568062,-21.18093573,0.0],[143.29274296,-21.18520439,0.0],[143.29964164,-21.18969998,0.0],[143.30636828,-21.19441705,0.0],[143.3129147,-21.19934986,0.0],[143.31927292,-21.20449244,0.0],[143.32543522,-21.20983854,0.0],[143.33139408,-21.21538166,0.0],[143.33714225,-21.22111508,0.0],[143.34267272,-21.22703182,0.0],[143.34797875,-21.23312471,0.0],[143.35305385,-21.23938635,0.0],[143.35789184,-21.24580911,0.0],[143.36248681,-21.25238521,0.0],[143.36683314,-21.25910665,0.0],[143.37092551,-21.26596525,0.0],[143.37475892,-21.27295269,0.0],[143.37832865,-21.28006046,0.0],[143.38163034,-21.28727992,0.0],[143.38379986,-21.29252355,0.0],[143.38406332,-21.29146749,0.0],[143.3862552,-21.28389026,0.0],[143.3887293,-21.27638889,0.0],[143.39148257,-21.2689725,0.0],[143.39451162,-21.26165012,0.0],[143.39781272,-21.25443065,0.0],[143.40138182,-21.24732287,0.0],[143.40521455,-21.24033543,0.0],[143.40930619,-21.23347682,0.0],[143.40970807,-21.23285521,0.0],[143.40947731,-21.23035292,0.0],[143.4090495,-21.22251542,0.0],[143.4089154,-21.21466877,0.0],[143.40907512,-21.20682254,0.0],[143.40952844,-21.19898628,0.0],[143.41027474,-21.19116955,0.0],[143.41131308,-21.18338186,0.0],[143.41264214,-21.17563268,0.0],[143.41426026,-21.16793147,0.0],[143.41616543,-21.16028758,0.0],[143.41835528,-21.15271033,0.0],[143.4208271,-21.14520894,0.0],[143.42357785,-21.13779253,0.0],[143.42644833,-21.13084712,0.0],[143.42598735,-21.130069,0.0],[143.42217798,-21.1230719,0.0],[143.41863306,-21.11595498,0.0],[143.41535689,-21.10872693,0.0],[143.41235342,-21.10139656,0.0],[143.40962628,-21.09397282,0.0],[143.40717875,-21.08646478,0.0],[143.40501377,-21.07888158,0.0],[143.40313395,-21.07123248,0.0],[143.40154153,-21.06352681,0.0],[143.40023841,-21.05577397,0.0],[143.39929438,-21.04850876,0.0],[143.39625184,-21.0467996,0.0],[143.38920364,-21.04252008,0.0],[143.38232018,-21.03801332,0.0],[143.37560985,-21.03328482,0.0],[143.37499762,-21.03282118,0.0],[143.37141451,-21.03840338,0.0],[143.36684392,-21.04499035,0.0],[143.3620294,-21.05142431,0.0],[143.35697679,-21.05769739,0.0],[143.35169224,-21.06380193,0.0],[143.34618218,-21.06973047,0.0],[143.34045331,-21.07547577,0.0],[143.33451261,-21.0810308,0.0],[143.32836732,-21.08638878,0.0],[143.32202493,-21.09154315,0.0],[143.31549317,-21.09648761,0.0],[143.30878,-21.10121613,0.0],[143.30189363,-21.10572291,0.0],[143.29484245,-21.11000245,0.0],[143.28763508,-21.1140495,0.0],[143.28028031,-21.11785914,0.0],[143.27278713,-21.12142668,0.0],[143.26516471,-21.12474777,0.0],[143.25742234,-21.12781835,0.0],[143.24956951,-21.13063465,0.0],[143.24161581,-21.13319324,0.0],[143.23357097,-21.13549098,0.0],[143.22544483,-21.13752506,0.0],[143.21922188,-21.13886714,0.0],[143.21865331,-21.14224814,0.0],[143.2170601,-21.14995382,0.0]]]}},{"type": "Feature","properties": {"Name": null,"description": null,"timestamp": null,"begin": null,"end": null,"altitudeMode": null,"tessellate": 1,"extrude": 0,"visibility": -1,"drawOrder": null,"icon": null},"geometry": {"type": "Polygon","coordinates": [[[143.13892,-21.875515927255094,0.0],[143.14230262001863,-21.8755432867197,0.0],[143.14568421356034,-21.87562535681103,0.0],[143.14906375445628,-21.875762112624113,0.0],[143.15244021715336,-21.875953512658942,0.0],[143.15581257702215,-21.87619949883294,0.0],[143.15917981066409,-21.87649999649842,0.0],[143.16254089621884,-21.876854914464943,0.0],[143.16589481367072,-21.877264145026693,0.0],[143.16924054515493,-21.877727563994814,0.0],[143.1725770752631,-21.878245030734657,0.0],[143.175903391348,-21.878816388208,0.0],[143.17921848382747,-21.879441463020175,0.0],[143.1825213464878,-21.880120065472106,0.0],[143.1858109767857,-21.880851989617245,0.0],[143.18908637614945,-21.88163701332341,0.0],[143.19234655027887,-21.882474898339417,0.0],[143.19559050944412,-21.883365390366667,0.0],[143.19881726878305,-21.884308219135434,0.0],[143.20202584859732,-21.885303098486037,0.0],[143.20521527464692,-21.88634972645477,0.0],[143.20838457844306,-21.887447785364557,0.0],[143.21153279753963,-21.88859694192037,0.0],[143.21465897582286,-21.889796847309313,0.0],[143.21776216379888,-21.891047137305417,0.0],[143.22084141887967,-21.892347432379022,0.0],[143.22389580566707,-21.89369733781082,0.0],[143.22692439623444,-21.89509644381044,0.0],[143.22992627040634,-21.89654432563958,0.0],[143.23290051603607,-21.898040543739658,0.0],[143.2358462292806,-21.89958464386392,0.0],[143.23876251487349,-21.90117615721398,0.0],[143.24164848639492,-21.902814600580758,0.0],[143.2445032665395,-21.904499476489757,0.0],[143.24732598738137,-21.90623027335068,0.0],[143.25011579063636,-21.908006465611244,0.0],[143.25287182792175,-21.909827513915317,0.0],[143.2555932610128,-21.911692865265127,0.0],[143.25827926209652,-21.913601953187673,0.0],[143.2609290140225,-21.91555419790517,0.0],[143.26354171055047,-21.91754900650957,0.0],[143.26611655659468,-21.919585773141012,0.0],[143.2686527684654,-21.921663879170232,0.0],[143.2711495741064,-21.923782693384847,0.0],[143.27360621333008,-21.925941572179454,0.0],[143.276021938048,-21.928139859749486,0.0],[143.27839601249877,-21.9303768882888,0.0],[143.28072771347192,-21.932651978190894,0.0],[143.2830163305282,-21.93496443825372,0.0],[143.28526116621626,-21.937313565888054,0.0],[143.28746153628532,-21.93969864732931,0.0],[143.2896167698942,-21.942118957852774,0.0],[143.29172620981632,-21.944573761992203,0.0],[143.29378921264066,-21.94706231376166,0.0],[143.29580514896887,-21.949583856880643,0.0],[143.29777340360803,-21.952137625002283,0.0],[143.29969337575946,-21.954722841944697,0.0],[143.30156447920314,-21.957338721925314,0.0],[143.30338614247785,-21.959984469798176,0.0],[143.30515780905722,-21.9626592812941,0.0],[143.30687893752093,-21.965362343263674,0.0],[143.308549001722,-21.96809283392295,0.0],[143.31016749094903,-21.97084992310184,0.0],[143.31173391008429,-21.973632772495083,0.0],[143.31324777975703,-21.976440535915735,0.0],[143.3147086364922,-21.979272359551114,0.0],[143.31611603285432,-21.982127382221062,0.0],[143.3174695375868,-21.985004735638576,0.0],[143.31876873574632,-21.98790354467259,0.0],[143.3200132288324,-21.990822927612896,0.0],[143.32120263491217,-21.993761996437154,0.0],[143.32233658874,-21.99671985707986,0.0],[143.3234147418724,-21.999695609703203,0.0],[143.32443676277776,-22.002688348969752,0.0],[143.32540233694118,-22.005697164316867,0.0],[143.32631116696393,-22.008721140232762,0.0],[143.32716297265824,-22.01175935653416,0.0],[143.3279574911365,-22.014810888645407,0.0],[143.32869447689555,-22.017874807879007,0.0],[143.32937370189566,-22.020950181717456,0.0],[143.3299949556343,-22.024036074096355,0.0],[143.33055804521464,-22.02713154568861,0.0],[143.33106279540866,-22.030235654189767,0.0],[143.33150904871502,-22.03334745460426,0.0],[143.33189666541173,-22.03646599953259,0.0],[143.33222552360314,-22.03959033945932,0.0],[143.33249551926176,-22.042719523041736,0.0],[143.33270656626468,-22.045852597399204,0.0],[143.33285859642447,-22.048988608403032,0.0],[143.33295155951464,-22.052126600966794,0.0],[143.33298542328987,-22.055265619337025,0.0],[143.3329601735004,-22.058404707384213,0.0],[143.33287581390135,-22.061542908893944,0.0],[143.3327323662563,-22.064679267858207,0.0],[143.33252987033538,-22.06781282876664,0.0],[143.33226838390806,-22.070942636897787,0.0],[143.3319479827303,-22.074067738610108,0.0],[143.3315687605262,-22.07718718163281,0.0],[143.33113082896418,-22.080300015356286,0.0],[143.33063431762767,-22.08340529112215,0.0],[143.3300793739804,-22.08650206251274,0.0],[143.32946616332592,-22.089589385640043,0.0],[143.32879486876206,-22.09266631943386,0.0],[143.3280656911294,-22.095731925929275,0.0],[143.3272788489549,-22.098785270553172,0.0],[143.32643457838932,-22.101825422409846,0.0],[143.32553313314003,-22.104851454565516,0.0],[143.32457478439775,-22.10786244433176,0.0],[143.32355982075813,-22.11085747354766,0.0],[143.322488548138,-22.113835628860688,0.0],[143.32136128968625,-22.116796002006176,0.0],[143.32017838568902,-22.119737690085277,0.0],[143.3189401934702,-22.122659795841397,0.0],[143.3176470872861,-22.125561427934937,0.0],[143.31629945821504,-22.12844170121629,0.0],[143.3148977140417,-22.13129973699706,0.0],[143.31344227913638,-22.134134663319287,0.0],[143.3119335943288,-22.136945615222757,0.0],[143.310372116777,-22.13973173501016,0.0],[143.30875831983116,-22.142492172510146,0.0],[143.307092692892,-22.145226085338113,0.0],[143.30537574126478,-22.14793263915464,0.0],[143.30360798600756,-22.15061100792157,0.0],[143.3017899637751,-22.153260374155547,0.0],[143.29992222665769,-22.15587992917903,0.0],[143.298005342015,-22.158468873368637,0.0],[143.29603989230523,-22.16102641640077,0.0],[143.29402647490957,-22.163551777494433,0.0],[143.2919657019518,-22.166044185651188,0.0],[143.2898582001134,-22.16850287989215,0.0],[143.28770461044385,-22.17092710949193,0.0],[143.28550558816676,-22.173316134209507,0.0],[143.28326180248098,-22.175669224515925,0.0],[143.2809739363578,-22.177985661818706,0.0],[143.27864268633354,-22.180264738682975,0.0],[143.27626876229778,-22.1825057590492,0.0],[143.27385288727754,-22.18470803844746,0.0],[143.27139579721714,-22.186870904208174,0.0],[143.268898240754,-22.188993695669268,0.0],[143.2663609789905,-22.19107576437966,0.0],[143.26378478526155,-22.193116474299035,0.0],[143.26117044489877,-22.195115201993826,0.0],[143.2585187549904,-22.19707133682933,0.0],[143.25583052413774,-22.198984281157962,0.0],[143.25310657220766,-22.200853450503466,0.0],[143.25034773008173,-22.202678273741164,0.0],[143.24755483940177,-22.204458193274064,0.0],[143.244728752312,-22.20619266520488,0.0],[143.24187033119762,-22.207881159503785,0.0],[143.23898044842034,-22.20952316017196,0.0],[143.23605998605072,-22.21111816540084,0.0],[143.23310983559716,-22.21266568772697,0.0],[143.23013089773215,-22.214165254182472,0.0],[143.22712408201534,-22.215616406441082,0.0],[143.22409030661387,-22.21701870095963,0.0],[143.2210304980201,-22.21837170911504,0.0],[143.21794559076622,-22.219675017336673,0.0],[143.21483652713667,-22.220928227234104,0.0],[143.21170425687802,-22.222130955720147,0.0],[143.20854973690626,-22.223282835129258,0.0],[143.20537393101188,-22.2243835133311,0.0],[143.20217780956284,-22.225432653839366,0.0],[143.19896234920517,-22.226429935915778,0.0],[143.19572853256193,-22.227375054669203,0.0],[143.19247734792967,-22.228267721149905,0.0],[143.18920978897384,-22.22910766243887,0.0],[143.1859268544216,-22.22989462173217,0.0],[143.18262954775375,-22.23062835842036,0.0],[143.17931887689448,-22.231308648162894,0.0],[143.17599585390045,-22.23193528295747,0.0],[143.1726614946476,-22.232508071204354,0.0],[143.16931681851753,-22.233026837765664,0.0],[143.1659628480823,-22.2334914240195,0.0],[143.1626006087884,-22.23390168790903,0.0],[143.15923112863973,-22.23425750398639,0.0],[143.15585543787958,-22.23455876345155,0.0],[143.15247456867226,-22.234805374185882,0.0],[143.14908955478376,-22.234997260780762,0.0],[143.14570143126204,-22.2351343645608,0.0],[143.14231123411705,-22.235216643602037,0.0],[143.13892,-22.23524407274491,0.0],[143.13552876588295,-22.235216643602037,0.0],[143.13213856873796,-22.2351343645608,0.0],[143.12875044521624,-22.234997260780762,0.0],[143.12536543132777,-22.234805374185882,0.0],[143.12198456212045,-22.23455876345155,0.0],[143.11860887136027,-22.23425750398639,0.0],[143.1152393912116,-22.23390168790903,0.0],[143.11187715191772,-22.2334914240195,0.0],[143.1085231814825,-22.233026837765664,0.0],[143.1051785053524,-22.232508071204354,0.0],[143.10184414609955,-22.23193528295747,0.0],[143.0985211231055,-22.231308648162894,0.0],[143.09521045224628,-22.23062835842036,0.0],[143.0919131455784,-22.22989462173217,0.0],[143.08863021102619,-22.22910766243887,0.0],[143.08536265207033,-22.228267721149905,0.0],[143.0821114674381,-22.227375054669203,0.0],[143.07887765079485,-22.226429935915778,0.0],[143.07566219043716,-22.225432653839366,0.0],[143.07246606898812,-22.2243835133311,0.0],[143.06929026309376,-22.223282835129258,0.0],[143.06613574312198,-22.222130955720147,0.0],[143.06300347286333,-22.220928227234104,0.0],[143.0598944092338,-22.219675017336673,0.0],[143.0568095019799,-22.21837170911504,0.0],[143.05374969338612,-22.21701870095963,0.0],[143.0507159179847,-22.215616406441082,0.0],[143.04770910226787,-22.214165254182472,0.0],[143.04473016440286,-22.21266568772697,0.0],[143.0417800139493,-22.21111816540084,0.0],[143.0388595515797,-22.20952316017196,0.0],[143.0359696688024,-22.207881159503785,0.0],[143.033111247688,-22.20619266520488,0.0],[143.03028516059823,-22.204458193274064,0.0],[143.0274922699183,-22.202678273741164,0.0],[143.02473342779237,-22.200853450503466,0.0],[143.02200947586226,-22.198984281157962,0.0],[143.0193212450096,-22.19707133682933,0.0],[143.01666955510123,-22.195115201993826,0.0],[143.01405521473848,-22.193116474299035,0.0],[143.01147902100954,-22.19107576437966,0.0],[143.008941759246,-22.188993695669268,0.0],[143.0064442027829,-22.186870904208174,0.0],[143.00398711272248,-22.18470803844746,0.0],[143.00157123770222,-22.1825057590492,0.0],[142.99919731366649,-22.180264738682975,0.0],[142.9968660636422,-22.177985661818706,0.0],[142.99457819751902,-22.175669224515925,0.0],[142.99233441183327,-22.173316134209507,0.0],[142.99013538955614,-22.17092710949193,0.0],[142.98798179988663,-22.16850287989215,0.0],[142.9858742980482,-22.166044185651188,0.0],[142.98381352509045,-22.163551777494433,0.0],[142.9818001076948,-22.16102641640077,0.0],[142.97983465798504,-22.15846887336864,0.0],[142.9779177733423,-22.15587992917903,0.0],[142.97605003622493,-22.153260374155547,0.0],[142.97423201399246,-22.15061100792157,0.0],[142.97246425873524,-22.14793263915464,0.0],[142.97074730710798,-22.145226085338113,0.0],[142.96908168016887,-22.142492172510146,0.0],[142.967467883223,-22.13973173501016,0.0],[142.96590640567123,-22.136945615222757,0.0],[142.96439772086362,-22.134134663319287,0.0],[142.9629422859583,-22.13129973699706,0.0],[142.96154054178496,-22.12844170121629,0.0],[142.96019291271392,-22.125561427934937,0.0],[142.9588998065298,-22.122659795841397,0.0],[142.95766161431098,-22.119737690085277,0.0],[142.95647871031377,-22.116796002006176,0.0],[142.955351451862,-22.113835628860688,0.0],[142.9542801792419,-22.11085747354766,0.0],[142.95326521560227,-22.10786244433176,0.0],[142.95230686685997,-22.104851454565516,0.0],[142.95140542161067,-22.101825422409846,0.0],[142.95056115104512,-22.098785270553172,0.0],[142.9497743088706,-22.095731925929275,0.0],[142.94904513123797,-22.09266631943386,0.0],[142.94837383667408,-22.089589385640043,0.0],[142.9477606260196,-22.08650206251274,0.0],[142.94720568237233,-22.08340529112215,0.0],[142.94670917103582,-22.080300015356286,0.0],[142.94627123947382,-22.07718718163281,0.0],[142.9458920172697,-22.074067738610108,0.0],[142.94557161609194,-22.070942636897787,0.0],[142.94531012966465,-22.06781282876664,0.0],[142.94510763374373,-22.064679267858207,0.0],[142.94496418609864,-22.061542908893944,0.0],[142.94487982649963,-22.058404707384213,0.0],[142.94485457671016,-22.055265619337025,0.0],[142.94488844048539,-22.052126600966794,0.0],[142.94498140357553,-22.048988608403032,0.0],[142.94513343373532,-22.045852597399204,0.0],[142.94534448073824,-22.042719523041736,0.0],[142.94561447639686,-22.03959033945932,0.0],[142.94594333458826,-22.03646599953259,0.0],[142.94633095128498,-22.03334745460426,0.0],[142.94677720459137,-22.030235654189767,0.0],[142.94728195478535,-22.02713154568861,0.0],[142.9478450443657,-22.024036074096355,0.0],[142.94846629810436,-22.020950181717456,0.0],[142.94914552310448,-22.017874807879007,0.0],[142.94988250886354,-22.014810888645407,0.0],[142.95067702734178,-22.01175935653416,0.0],[142.95152883303606,-22.008721140232762,0.0],[142.95243766305884,-22.005697164316867,0.0],[142.95340323722223,-22.002688348969752,0.0],[142.9544252581276,-21.999695609703203,0.0],[142.95550341126003,-21.99671985707986,0.0],[142.95663736508786,-21.993761996437154,0.0],[142.95782677116762,-21.990822927612896,0.0],[142.95907126425368,-21.98790354467259,0.0],[142.9603704624132,-21.985004735638576,0.0],[142.9617239671457,-21.982127382221062,0.0],[142.9631313635078,-21.979272359551114,0.0],[142.964592220243,-21.976440535915735,0.0],[142.96610608991574,-21.973632772495083,0.0],[142.96767250905097,-21.97084992310184,0.0],[142.969290998278,-21.96809283392295,0.0],[142.97096106247906,-21.965362343263674,0.0],[142.9726821909428,-21.9626592812941,0.0],[142.97445385752215,-21.959984469798176,0.0],[142.9762755207969,-21.957338721925314,0.0],[142.97814662424057,-21.954722841944697,0.0],[142.980066596392,-21.952137625002283,0.0],[142.98203485103116,-21.949583856880643,0.0],[142.98405078735937,-21.94706231376166,0.0],[142.9861137901837,-21.944573761992203,0.0],[142.9882232301058,-21.942118957852774,0.0],[142.9903784637147,-21.93969864732931,0.0],[142.99257883378377,-21.937313565888054,0.0],[142.99482366947183,-21.93496443825372,0.0],[142.9971122865281,-21.932651978190894,0.0],[142.99944398750122,-21.9303768882888,0.0],[143.001818061952,-21.928139859749486,0.0],[143.00423378666991,-21.925941572179454,0.0],[143.0066904258936,-21.923782693384847,0.0],[143.00918723153464,-21.921663879170232,0.0],[143.01172344340534,-21.919585773141012,0.0],[143.01429828944953,-21.91754900650957,0.0],[143.0169109859775,-21.91555419790517,0.0],[143.0195607379035,-21.913601953187673,0.0],[143.02224673898723,-21.911692865265127,0.0],[143.02496817207827,-21.909827513915317,0.0],[143.02772420936364,-21.908006465611244,0.0],[143.03051401261865,-21.90623027335068,0.0],[143.03333673346052,-21.904499476489757,0.0],[143.03619151360508,-21.902814600580758,0.0],[143.0390774851265,-21.90117615721398,0.0],[143.0419937707194,-21.89958464386392,0.0],[143.04493948396393,-21.898040543739658,0.0],[143.04791372959366,-21.89654432563958,0.0],[143.05091560376556,-21.89509644381044,0.0],[143.05394419433293,-21.89369733781082,0.0],[143.05699858112033,-21.892347432379022,0.0],[143.06007783620115,-21.891047137305417,0.0],[143.06318102417714,-21.889796847309313,0.0],[143.0663072024604,-21.88859694192037,0.0],[143.06945542155697,-21.887447785364557,0.0],[143.0726247253531,-21.88634972645477,0.0],[143.07581415140268,-21.885303098486037,0.0],[143.07902273121695,-21.884308219135434,0.0],[143.0822494905559,-21.883365390366667,0.0],[143.08549344972113,-21.882474898339417,0.0],[143.08875362385058,-21.88163701332341,0.0],[143.0920290232143,-21.880851989617245,0.0],[143.09531865351224,-21.880120065472106,0.0],[143.09862151617256,-21.879441463020175,0.0],[143.10193660865204,-21.878816388208,0.0],[143.1052629247369,-21.878245030734657,0.0],[143.1085994548451,-21.877727563994814,0.0],[143.1119451863293,-21.877264145026693,0.0],[143.11529910378118,-21.876854914464943,0.0],[143.1186601893359,-21.87649999649842,0.0],[143.12202742297788,-21.87619949883294,0.0],[143.12539978284664,-21.875953512658942,0.0],[143.12877624554372,-21.875762112624113,0.0],[143.13215578643968,-21.87562535681103,0.0],[143.1355373799814,-21.8755432867197,0.0],[143.13892,-21.875515927255094,0.0]]]}},{"type": "Feature","properties": {"Name": null,"description": null,"timestamp": null,"begin": null,"end": null,"altitudeMode": null,"tessellate": 1,"extrude": 0,"visibility": -1,"drawOrder": null,"icon": null},"geometry": {"type": "Polygon","coordinates": [[[143.03317,-22.082295927255096,0.0],[143.03655755068513,-22.082323286358818,0.0],[143.03994407343785,-22.082405355367925,0.0],[143.0433285406341,-22.082542109378757,0.0],[143.0467099252664,-22.0827335068935,0.0],[143.05008720125213,-22.082979489832645,0.0],[143.05345934374108,-22.08327998355242,0.0],[143.0568253294232,-22.08363489686717,0.0],[143.06018413683537,-22.08404412207674,0.0],[143.06353474666815,-22.08450753499876,0.0],[143.0668761420715,-22.085024995005917,0.0],[143.07020730896005,-22.085596345068172,0.0],[143.0735272363175,-22.086221411799837,0.0],[143.07683491650002,-22.086900005511662,0.0],[143.08012934553898,-22.087631920267704,0.0],[143.08340952344227,-22.088416933947165,0.0],[143.08667445449487,-22.089254808311054,0.0],[143.0899231475576,-22.09014528907369,0.0],[143.09315461636544,-22.09108810597901,0.0],[143.09636787982348,-22.09208297288177,0.0],[143.09956196230215,-22.09312958783335,0.0],[143.1027358939305,-22.094227633172483,0.0],[143.1058887108878,-22.09537677562062,0.0],[143.10901945569373,-22.096576666381992,0.0],[143.11212717749632,-22.097826941248396,0.0],[143.11521093235834,-22.099127220708542,0.0],[143.11826978354142,-22.10047711006208,0.0],[143.12130280178843,-22.101876199538165,0.0],[143.12430906560326,-22.103324064418562,0.0],[143.12728766152878,-22.104820265165273,0.0],[143.13023768442233,-22.106364347552624,0.0],[143.13315823772865,-22.107955842803772,0.0],[143.1360484337507,-22.109594267731612,0.0],[143.1389073939175,-22.111279124884064,0.0],[143.1417342490496,-22.113009902693598,0.0],[143.14452813962188,-22.114786075631095,0.0],[143.1472882160234,-22.116607104363883,0.0],[143.15001363881439,-22.118472435917976,0.0],[143.1527035789803,-22.120381503844424,0.0],[143.15535721818307,-22.122333728389755,0.0],[143.15797374900893,-22.12432851667042,0.0],[143.16055237521329,-22.126365262851262,0.0],[143.16309231196237,-22.128443348327874,0.0],[143.1655927860713,-22.130562141912865,0.0],[143.16805303623917,-22.132721000025896,0.0],[143.17047231328033,-22.13491926688755,0.0],[143.17284988035235,-22.137156274716865,0.0],[143.17518501318025,-22.13943134393251,0.0],[143.17747700027732,-22.1417437833576,0.0],[143.17972514316173,-22.14409289042801,0.0],[143.18192875656993,-22.146477951404158,0.0],[143.18408716866577,-22.148898241586227,0.0],[143.18619972124577,-22.15135302553272,0.0],[143.1882657699406,-22.153841557282263,0.0],[143.19028468441235,-22.15636308057871,0.0],[143.1922558485475,-22.158916829099315,0.0],[143.1941786606463,-22.161502026686055,0.0],[143.19605253360706,-22.16411788757991,0.0],[143.1978768951072,-22.166763616658155,0.0],[143.19965118777893,-22.16943840967449,0.0],[143.2013748693811,-22.172141453501997,0.0],[143.20304741296673,-22.174871926378817,0.0],[143.20466830704535,-22.17762899815653,0.0],[143.2062370557417,-22.180411830551048,0.0],[143.20775317894888,-22.18321957739616,0.0],[143.20921621247754,-22.186051384899358,0.0],[143.21062570820015,-22.18890639190015,0.0],[143.21198123419018,-22.191783730130638,0.0],[143.21328237485716,-22.194682524478246,0.0],[143.21452873107614,-22.197601893250685,0.0],[143.21571992031278,-22.200540948442892,0.0],[143.21685557674337,-22.20349879600598,0.0],[143.21793535136973,-22.2064745361181,0.0],[143.21895891212935,-22.209467263457086,0.0],[143.21992594400012,-22.212476067474846,0.0],[143.22083614910048,-22.21550003267344,0.0],[143.2216892467839,-22.218538238882665,0.0],[143.22248497372863,-22.2215897615392,0.0],[143.22322308402192,-22.224653671967094,0.0],[143.2239033492394,-22.22772903765962,0.0],[143.22452555851888,-22.230814922562335,0.0],[143.22508951862898,-22.233910387357295,0.0],[143.22559505403242,-22.237014489748358,0.0],[143.22604200694423,-22.240126284747454,0.0],[143.22643023738428,-22.243244824961728,0.0],[143.22675962322455,-22.246369160881528,0.0],[143.22703006023104,-22.249498341169065,0.0],[143.22724146210032,-22.25263141294777,0.0],[143.22739376049054,-22.25576742209214,0.0],[143.22748690504707,-22.258905413518058,0.0],[143.22752086342257,-22.262044431473495,0.0],[143.2274956212919,-22.265183519829492,0.0],[143.22741118236098,-22.268321722371315,0.0],[143.22726756837093,-22.27145808308973,0.0],[143.22706481909597,-22.274591646472295,0.0],[143.2268029923363,-22.277721457794584,0.0],[143.22648216390533,-22.280846563411227,0.0],[143.22610242761132,-22.2839660110467,0.0],[143.22566389523368,-22.28707885008584,0.0],[143.22516669649355,-22.290184131863818,0.0],[143.2246109790193,-22.293280909955698,0.0],[143.2239969083058,-22.296368240465334,0.0],[143.22332466766906,-22.299445182313576,0.0],[143.22259445819472,-22.302510797525738,0.0],[143.2218064986814,-22.305564151518123,0.0],[143.22096102557845,-22.308604313383636,0.0],[143.22005829291842,-22.311630356176344,0.0],[143.2190985722439,-22.314641357194883,0.0],[143.218082152529,-22.317636398264675,0.0],[143.2170093400956,-22.320614566018754,0.0],[143.21588045852394,-22.32357495217733,0.0],[143.21469584855808,-22.326516653825724,0.0],[143.21345586800595,-22.32943877369082,0.0],[143.2121608916342,-22.332340420415846,0.0],[143.2108113110574,-22.33522070883339,0.0],[143.20940753462258,-22.338078760236613,0.0],[143.20794998728803,-22.34091370264854,0.0],[143.20643911049729,-22.343724671089337,0.0],[143.20487536204763,-22.346510807841565,0.0],[143.2032592159538,-22.34927126271321,0.0],[143.20159116230647,-22.352005193298474,0.0],[143.19987170712548,-22.354711765236313,0.0],[143.19810137220858,-22.357390152466472,0.0],[143.1962806949749,-22.360039537483093,0.0],[143.19441022830327,-22.362659111585725,0.0],[143.19249054036626,-22.365248075127727,0.0],[143.19052221445892,-22.367805637761887,0.0],[143.18850584882307,-22.37033101868332,0.0],[143.1864420564665,-22.372823446869386,0.0],[143.18433146497807,-22.37528216131677,0.0],[143.1821747163376,-22.377706411275426,0.0],[143.17997246672172,-22.3800954564795,0.0],[143.17772538630473,-22.38244856737502,0.0],[143.17543415905567,-22.384765025344397,0.0],[143.17309948253026,-22.38704412292752,0.0],[143.17072206765917,-22.389285164039578,0.0],[143.1683026385317,-22.39148746418531,0.0],[143.16584193217537,-22.39365035066981,0.0],[143.1633406983314,-22.395773162805703,0.0],[143.16079969922615,-22.397855252116656,0.0],[143.15821970933857,-22.39989598253721,0.0],[143.15560151516365,-22.401894730608745,0.0],[143.15294591497243,-22.403850885671687,0.0],[143.15025371856754,-22.405763850053724,0.0],[143.1475257470358,-22.40763303925413,0.0],[143.1447628324968,-22.40945788212395,0.0],[143.14196581784796,-22.411237821042224,0.0],[143.13913555650632,-22.41297231208797,0.0],[143.13627291214684,-22.41466082520801,0.0],[143.13337875843737,-22.416302844380528,0.0],[143.1304539787706,-22.417897867774354,0.0],[143.12749946599266,-22.419445407903822,0.0],[143.12451612212897,-22.420944991779304,0.0],[143.12150485810668,-22.422396161053243,0.0],[143.1184665934749,-22.423798472161675,0.0],[143.11540225612146,-22.425151496461243,0.0],[143.11231278198764,-22.42645482036158,0.0],[143.10919911477978,-22.427708045453087,0.0],[143.10606220567865,-22.428910788630013,0.0],[143.1029030130465,-22.430062682208852,0.0],[143.0997225021314,-22.431163374041933,0.0],[143.09652164476998,-22.4322125276263,0.0],[143.09330141908737,-22.433209822207676,0.0],[143.0900628091956,-22.43415495287964,0.0],[143.08680680488993,-22.435047630677897,0.0],[143.0835344013432,-22.435887582669572,0.0],[143.08024659879862,-22.436674552037662,0.0],[143.07694440226086,-22.437408298160406,0.0],[143.07362882118565,-22.43808859668571,0.0],[143.0703008691678,-22.43871523960053,0.0],[143.06696156362804,-22.439288035295224,0.0],[143.06361192549852,-22.43980680862278,0.0],[143.0602529789073,-22.440271400953034,0.0],[143.05688575086165,-22.44068167022171,0.0],[143.05351127093047,-22.441037490974384,0.0],[143.05013057092586,-22.441338754405287,0.0],[143.04674468458424,-22.441585368390967,0.0],[143.0433546472463,-22.441777257518794,0.0],[143.03996149553694,-22.4419143631103,0.0],[143.03656626704458,-22.4419966432393,0.0],[143.03317,-22.44202407274491,0.0],[143.02977373295548,-22.4419966432393,0.0],[143.0263785044631,-22.4419143631103,0.0],[143.02298535275375,-22.441777257518794,0.0],[143.0195953154158,-22.441585368390967,0.0],[143.0162094290742,-22.441338754405287,0.0],[143.01282872906958,-22.441037490974384,0.0],[143.00945424913837,-22.44068167022171,0.0],[143.00608702109272,-22.440271400953034,0.0],[143.00272807450153,-22.43980680862278,0.0],[142.999378436372,-22.439288035295224,0.0],[142.99603913083223,-22.43871523960053,0.0],[142.9927111788144,-22.43808859668571,0.0],[142.9893955977392,-22.437408298160406,0.0],[142.98609340120143,-22.436674552037662,0.0],[142.98280559865685,-22.435887582669572,0.0],[142.9795331951101,-22.435047630677897,0.0],[142.97627719080444,-22.43415495287964,0.0],[142.9730385809127,-22.433209822207676,0.0],[142.96981835523007,-22.4322125276263,0.0],[142.96661749786864,-22.431163374041933,0.0],[142.96343698695355,-22.430062682208852,0.0],[142.96027779432137,-22.428910788630013,0.0],[142.95714088522024,-22.427708045453087,0.0],[142.9540272180124,-22.42645482036158,0.0],[142.9509377438786,-22.425151496461243,0.0],[142.94787340652516,-22.423798472161675,0.0],[142.94483514189338,-22.422396161053243,0.0],[142.9418238778711,-22.420944991779304,0.0],[142.93884053400737,-22.419445407903822,0.0],[142.93588602122944,-22.417897867774354,0.0],[142.93296124156268,-22.416302844380528,0.0],[142.93006708785322,-22.41466082520801,0.0],[142.92720444349374,-22.41297231208797,0.0],[142.9243741821521,-22.411237821042224,0.0],[142.92157716750324,-22.40945788212395,0.0],[142.91881425296427,-22.40763303925413,0.0],[142.9160862814325,-22.405763850053724,0.0],[142.91339408502762,-22.403850885671687,0.0],[142.91073848483637,-22.401894730608745,0.0],[142.9081202906615,-22.39989598253721,0.0],[142.9055403007739,-22.397855252116656,0.0],[142.90299930166864,-22.395773162805703,0.0],[142.90049806782466,-22.39365035066981,0.0],[142.8980373614683,-22.39148746418531,0.0],[142.89561793234085,-22.389285164039578,0.0],[142.8932405174698,-22.38704412292752,0.0],[142.89090584094436,-22.384765025344397,0.0],[142.88861461369532,-22.38244856737502,0.0],[142.88636753327833,-22.3800954564795,0.0],[142.88416528366244,-22.377706411275426,0.0],[142.88200853502198,-22.37528216131677,0.0],[142.87989794353354,-22.372823446869386,0.0],[142.87783415117698,-22.37033101868332,0.0],[142.87581778554113,-22.367805637761887,0.0],[142.8738494596338,-22.365248075127727,0.0],[142.87192977169678,-22.362659111585725,0.0],[142.87005930502517,-22.360039537483093,0.0],[142.86823862779147,-22.357390152466472,0.0],[142.86646829287457,-22.354711765236313,0.0],[142.86474883769358,-22.352005193298474,0.0],[142.86308078404622,-22.34927126271321,0.0],[142.8614646379524,-22.346510807841565,0.0],[142.85990088950277,-22.343724671089337,0.0],[142.858390012712,-22.34091370264854,0.0],[142.85693246537747,-22.338078760236613,0.0],[142.85552868894266,-22.33522070883339,0.0],[142.85417910836586,-22.332340420415846,0.0],[142.85288413199407,-22.32943877369082,0.0],[142.85164415144197,-22.326516653825724,0.0],[142.8504595414761,-22.32357495217733,0.0],[142.84933065990447,-22.320614566018754,0.0],[142.84825784747102,-22.317636398264675,0.0],[142.84724142775616,-22.314641357194883,0.0],[142.84628170708163,-22.311630356176344,0.0],[142.84537897442158,-22.308604313383636,0.0],[142.84453350131867,-22.305564151518123,0.0],[142.84374554180533,-22.30251079752574,0.0],[142.84301533233096,-22.299445182313576,0.0],[142.84234309169423,-22.296368240465334,0.0],[142.84172902098075,-22.293280909955698,0.0],[142.84117330350648,-22.290184131863818,0.0],[142.84067610476637,-22.28707885008584,0.0],[142.84023757238873,-22.2839660110467,0.0],[142.83985783609472,-22.280846563411227,0.0],[142.83953700766372,-22.277721457794584,0.0],[142.83927518090408,-22.274591646472295,0.0],[142.83907243162912,-22.27145808308973,0.0],[142.83892881763907,-22.268321722371315,0.0],[142.83884437870816,-22.265183519829492,0.0],[142.83881913657748,-22.262044431473495,0.0],[142.83885309495298,-22.258905413518058,0.0],[142.8389462395095,-22.25576742209214,0.0],[142.83909853789973,-22.25263141294777,0.0],[142.839309939769,-22.249498341169065,0.0],[142.8395803767755,-22.246369160881528,0.0],[142.83990976261575,-22.243244824961728,0.0],[142.8402979930558,-22.240126284747454,0.0],[142.84074494596763,-22.237014489748358,0.0],[142.84125048137108,-22.233910387357295,0.0],[142.84181444148115,-22.230814922562335,0.0],[142.84243665076062,-22.22772903765962,0.0],[142.84311691597813,-22.224653671967094,0.0],[142.84385502627143,-22.2215897615392,0.0],[142.84465075321614,-22.218538238882665,0.0],[142.84550385089958,-22.21550003267344,0.0],[142.8464140559999,-22.212476067474846,0.0],[142.8473810878707,-22.209467263457086,0.0],[142.8484046486303,-22.2064745361181,0.0],[142.84948442325668,-22.20349879600598,0.0],[142.85062007968727,-22.200540948442892,0.0],[142.8518112689239,-22.197601893250685,0.0],[142.85305762514287,-22.194682524478246,0.0],[142.85435876580985,-22.191783730130638,0.0],[142.8557142917999,-22.18890639190015,0.0],[142.8571237875225,-22.186051384899358,0.0],[142.85858682105118,-22.18321957739616,0.0],[142.86010294425836,-22.180411830551048,0.0],[142.86167169295467,-22.17762899815653,0.0],[142.86329258703333,-22.174871926378817,0.0],[142.8649651306189,-22.172141453501997,0.0],[142.86668881222113,-22.16943840967449,0.0],[142.86846310489284,-22.166763616658155,0.0],[142.870287466393,-22.16411788757991,0.0],[142.87216133935377,-22.161502026686055,0.0],[142.87408415145256,-22.158916829099315,0.0],[142.8760553155877,-22.15636308057871,0.0],[142.87807423005944,-22.153841557282263,0.0],[142.88014027875428,-22.15135302553272,0.0],[142.88225283133428,-22.148898241586227,0.0],[142.88441124343012,-22.146477951404158,0.0],[142.88661485683832,-22.14409289042801,0.0],[142.88886299972273,-22.1417437833576,0.0],[142.8911549868198,-22.13943134393251,0.0],[142.8934901196477,-22.137156274716865,0.0],[142.89586768671973,-22.13491926688755,0.0],[142.89828696376088,-22.132721000025896,0.0],[142.90074721392875,-22.130562141912865,0.0],[142.90324768803768,-22.128443348327874,0.0],[142.90578762478677,-22.126365262851262,0.0],[142.90836625099112,-22.12432851667042,0.0],[142.91098278181698,-22.122333728389755,0.0],[142.91363642101976,-22.120381503844424,0.0],[142.91632636118567,-22.118472435917976,0.0],[142.91905178397664,-22.116607104363883,0.0],[142.92181186037817,-22.114786075631095,0.0],[142.92460575095046,-22.113009902693598,0.0],[142.92743260608256,-22.111279124884064,0.0],[142.93029156624937,-22.109594267731612,0.0],[142.9331817622714,-22.107955842803772,0.0],[142.93610231557773,-22.106364347552624,0.0],[142.93905233847127,-22.104820265165273,0.0],[142.9420309343968,-22.103324064418562,0.0],[142.94503719821162,-22.101876199538165,0.0],[142.94807021645863,-22.10047711006208,0.0],[142.95112906764172,-22.099127220708542,0.0],[142.95421282250373,-22.097826941248396,0.0],[142.95732054430633,-22.096576666381992,0.0],[142.96045128911226,-22.09537677562062,0.0],[142.96360410606957,-22.094227633172483,0.0],[142.96677803769788,-22.09312958783335,0.0],[142.96997212017658,-22.09208297288177,0.0],[142.97318538363461,-22.09108810597901,0.0],[142.97641685244244,-22.09014528907369,0.0],[142.97966554550518,-22.089254808311054,0.0],[142.98293047655778,-22.088416933947165,0.0],[142.98621065446108,-22.087631920267704,0.0],[142.98950508350003,-22.086900005511662,0.0],[142.99281276368256,-22.086221411799837,0.0],[142.99613269104,-22.085596345068172,0.0],[142.99946385792853,-22.085024995005917,0.0],[143.0028052533319,-22.08450753499876,0.0],[143.00615586316468,-22.08404412207674,0.0],[143.00951467057683,-22.08363489686717,0.0],[143.01288065625897,-22.08327998355242,0.0],[143.0162527987479,-22.082979489832645,0.0],[143.01963007473364,-22.0827335068935,0.0],[143.02301145936596,-22.082542109378757,0.0],[143.0263959265622,-22.082405355367925,0.0],[143.02978244931492,-22.082323286358818,0.0],[143.03317,-22.082295927255096,0.0]]]}}]}